District ID,G22AgD,G22AgR,G22AgO,G22AgT,G22AgrCD,G22AgrCR,G22AgrCO,G22AgrCT,G22TreD,G22TreR,G22TreO,G22TreT,G22AudD,G22AudR,G22AudO,G22AudT,G22SosD,G22SosR,G22SosO,G22SosT,G22GovD,G22GovR,G22GovO,G22GovT,G22SenD,G22SenR,G22SenO,G22SenT,G20PreD,G20PreR,G20PreO,G20PreT,G20SenD,G20SenR,G20SenO,G20SenT,G18GovD,G18GovR,G18GovO,G18GovT,G18AgD,G18AgR,G18AgO,G18AgT,G18SosD,G18SosR,G18SosO,G18SosT,G18TreD,G18TreR,G18TreO,G18TreT,G18AudR,G18AudD,G18AudO,G18AudT,G18AgrCR,G18AgrCD,G18AgrCO,G18AgrCT,G16PreR,G16PreD,G16PreO,G16PreT,G16SenR,G16SenD,G16SenO,G16SenT,G14AgR,G14AgD,G14AgO,G14AgT,G14AgrCR,G14AgrCD,G14AgrCO,G14AgrCT,G14TreR,G14TreD,G14TreO,G14TreT,G14AudR,G14AudD,G14AudO,G14AudT,G14SosR,G14SosD,G14SosO,G14SosT,G14GovR,G14GovD,G14GovO,G14GovT,G14SenR,G14SenD,G14SenO,G14SenT,G12PreR,G12PreD,G12PreO,G12PreT
1,6740,7213,0,13953,5583,8336,0,13919,6503,7453,0,13956,6840,7120,0,13960,5782,8241,0,14023,5356,8470,246,14072,6023,8094,4,14121,11404,12082,403,23889,11333,11141,952,23426,9069,9294,320,18683,12341,3660,85,16086,9027,8897,348,18272,10019,7722,347,18088,7429,10338,396,18163,8616,9009,561,18186,11695,10220,1600,23515,13109,8852,1122,23083,7309,8209,2,15520,8704,5831,766,15301,7945,7166,277,15388,8273,6809,2,15084,7169,7453,845,15467,9580,5967,411,15958,8089,7087,898,16074,10396,13708,426,24530
2,4334,19724,0,24058,2805,21421,0,24226,4346,19666,0,24012,4723,19324,0,24047,3233,21025,0,24258,2845,21762,97,24704,3624,20975,0,24599,6282,27297,451,34030,6165,27009,387,33561,4456,21610,147,26213,12190,5399,55,17644,4245,21057,164,25466,5499,19477,199,25175,19575,5468,220,25263,20966,4146,248,25360,25383,5008,1759,32150,27059,3874,543,31476,18489,3910,0,22399,19631,2272,165,22068,18330,3780,161,22271,18622,3035,0,21657,17568,3843,546,21957,20248,2500,178,22926,19059,3375,396,22830,24272,6630,238,31140
3,6811,14137,0,20948,4000,17104,0,21104,6793,14074,0,20867,7000,13849,0,20849,4791,16227,0,21018,4384,16742,192,21318,5299,15886,0,21185,8937,21789,334,31060,9322,20542,752,30616,7853,16040,241,24134,14758,4230,10,18998,6731,16403,241,23375,9376,13590,258,23224,14075,9001,237,23313,16624,6588,320,23532,20925,7954,1716,30595,22518,6552,860,29930,12633,8521,0,21154,16754,3919,381,21054,12470,8004,444,20918,14730,5539,0,20269,12898,7142,733,20773,16581,4887,398,21866,14589,6315,914,21818,18670,11442,313,30425
4,8867,13560,0,22427,5650,16798,0,22448,8913,13508,0,22421,8955,13442,0,22397,6157,16346,0,22503,5928,16450,213,22591,6840,15713,0,22553,10403,21512,249,32164,10818,20196,899,31913,9810,15492,276,25578,17247,4963,20,22230,8971,15624,310,24905,12786,11870,230,24886,13447,11029,359,24835,15522,9047,412,24981,19927,9934,1706,31567,21699,8347,1016,31062,9824,13375,0,23199,16297,5885,701,22883,10155,12100,451,22706,13440,8641,0,22081,11553,10041,1072,22666,15332,7286,1064,23682,13919,8560,1070,23549,16852,15419,318,32589
5,9506,17438,0,26944,6039,21033,0,27072,9634,17322,0,26956,9390,17510,0,26900,7209,19821,0,27030,6784,20092,309,27185,8011,19209,0,27220,11846,25072,336,37254,12641,23465,885,36991,10607,18263,308,29178,18582,5805,55,24442,9806,18415,277,28498,13059,15065,307,28431,16775,11317,310,28402,19399,9069,307,28775,23034,10574,1823,35431,25165,8774,1075,35014,12820,12530,0,25350,19146,5671,588,25405,12178,12268,510,24956,15766,8703,2,24471,13739,10168,992,24899,18586,7098,404,26088,15454,9319,1164,25937,19713,15557,323,35593
6,8175,14434,0,22609,5051,17479,0,22530,7842,14604,0,22446,7476,15048,0,22524,5448,17177,0,22625,5101,17843,154,23098,6233,16753,0,22986,9997,23223,213,33433,10335,21812,724,32871,8352,17134,203,25689,15898,4395,15,20308,7329,16793,273,24395,11052,13015,238,24305,14910,9138,271,24319,16171,7852,369,24392,21090,9141,1509,31740,22313,7600,856,30769,10504,11104,0,21608,15866,4796,496,21158,10431,10171,367,20969,13448,6814,2,20264,11695,8222,802,20719,16257,5979,498,22734,14266,7431,797,22494,17785,13922,140,31847
7,7737,15201,0,22938,5348,17516,0,22864,7503,15370,0,22873,8128,14723,4,22855,5824,17139,0,22963,5225,17725,191,23141,6314,16882,10,23206,10475,22914,481,33870,10598,21894,951,33443,8583,17445,326,26354,15342,5832,98,21272,8498,16875,270,25643,10691,14555,301,25547,14019,11264,417,25700,16557,8583,480,25620,21779,8738,1661,32178,23341,7331,1025,31697,13097,9339,0,22436,16335,5032,846,22213,14260,7780,301,22341,14915,6859,0,21774,12771,8518,991,22280,17323,5480,398,23201,14961,7061,1188,23210,18917,13036,450,32403
8,7940,17609,0,25549,6898,18635,2,25535,8089,17361,2,25452,7536,17897,2,25435,7261,18432,0,25693,6862,18737,335,25934,7741,18154,6,25901,11760,25394,464,37618,11928,24106,1153,37187,9505,18420,440,28365,15301,7273,154,22728,8636,18637,497,27770,10159,16963,526,27648,17957,8973,594,27524,17913,9050,715,27678,22886,9703,1990,34579,23997,7965,1633,33595,13768,8285,6,22059,15740,5075,1044,21859,13274,7752,804,21830,15487,6212,0,21699,13831,6833,1344,22008,16223,5424,1237,22884,15077,6842,840,22759,20064,13187,388,33639
9,7931,15596,0,23527,5703,17695,0,23398,8072,15340,0,23412,7811,15597,0,23408,5993,17537,0,23530,5750,17651,217,23618,6703,16921,0,23624,9765,23376,201,33342,9752,22520,646,32918,8706,16980,168,25854,16177,5088,10,21275,7419,17549,170,25138,10415,14548,146,25109,15949,8862,215,25026,16573,8067,372,25012,21470,8875,1611,31956,23076,7219,891,31186,12253,10383,0,22636,16778,4838,485,22101,12222,9378,323,21923,15424,6451,0,21875,13458,7693,683,21834,16506,5904,564,22974,15653,6703,554,22910,18195,13548,220,31963
10,7309,8540,0,15849,6827,8922,0,15749,7215,8575,2,15792,7063,8665,8,15736,6877,8977,2,15856,6647,8990,337,15974,7121,8819,4,15944,12464,13955,676,27095,12430,12872,1372,26674,9542,9960,675,20177,12483,4612,136,17231,9188,10019,668,19875,9645,9340,698,19683,9900,9035,826,19761,9619,9337,852,19808,13251,10526,2005,25782,13990,8971,2086,25047,7187,7229,7,14423,7787,5488,1220,14495,7057,6588,870,14515,8183,6078,11,14272,7127,6300,1192,14619,8472,5404,1094,14970,7520,6431,1009,14960,11459,13566,590,25615
11,13267,15477,2,28746,9814,18556,2,28372,13261,15306,2,28569,13948,14609,3,28560,9797,18741,4,28542,10190,18038,789,29017,11524,17275,16,28815,15238,22271,805,38314,15269,21440,1233,37942,13315,15831,644,29790,19306,6498,108,25912,11928,16376,709,29013,15360,12882,712,28954,14187,13918,815,28920,15360,12488,891,28739,18609,12862,2535,34006,21274,10810,1377,33461,10086,14053,8,24147,15744,7295,718,23757,10620,12637,691,23948,13335,9819,10,23164,11501,11111,1184,23796,14386,9111,1179,24676,13521,9962,1140,24623,16173,16088,583,32844
12,9627,15670,0,25297,6209,19021,0,25230,9470,15780,0,25250,10190,15081,0,25271,6558,18799,0,25357,6329,18911,217,25457,7496,18058,4,25558,10240,23439,236,33915,10475,22233,804,33512,9287,17091,246,26624,16816,6338,30,23184,8428,17285,277,25990,12024,13637,312,25973,14708,10844,333,25885,16174,9251,491,25916,19917,9478,1836,31231,21607,8021,1065,30693,10416,12808,2,23226,16617,5538,519,22674,10990,11329,372,22691,14151,8132,0,22283,11944,9732,839,22515,15526,7070,786,23382,14222,7939,1166,23327,16548,14290,344,31182
13,7863,12739,0,20602,5778,14711,0,20489,7767,12795,0,20562,7806,12714,0,20520,6000,14637,0,20637,5726,14630,286,20642,6630,14075,0,20705,9687,19733,308,29728,10487,17839,944,29270,9257,13326,225,22808,14619,5135,13,19767,8423,13666,213,22302,10834,11202,240,22276,12057,9806,356,22219,12805,8969,510,22284,17833,9332,1477,28642,17747,9209,1048,28004,8364,12080,2,20446,12258,6971,793,20022,8685,10843,550,20078,10693,8990,2,19685,9520,9515,1098,20133,12643,7429,827,20899,11180,8494,1178,20852,13917,14681,443,29041
14,15602,13130,0,28732,12342,16134,2,28478,15478,13194,0,28672,15678,13083,2,28763,12487,16337,0,28824,13213,15436,678,29327,14134,14721,11,28866,18151,17585,870,36606,17018,18326,948,36292,12752,13401,514,26667,17619,5617,275,23511,11640,13853,679,26172,14144,11077,685,25906,12451,12869,692,26012,13308,11728,749,25785,11725,9792,2102,23619,15149,7251,930,23330,8586,8471,4,17061,12069,4351,407,16827,8777,7740,492,17009,10924,5415,6,16345,9550,6698,687,16935,11756,5214,640,17610,10596,6434,561,17591,13181,9576,344,23101
15,10947,5643,2,16592,9386,6910,2,16298,11058,5509,0,16567,11048,5402,2,16452,9294,7219,2,16515,9481,6759,594,16834,10199,6583,2,16784,16180,10104,574,26858,16116,9409,1005,26530,13279,6974,525,20778,15407,3595,112,19114,12715,7007,627,20349,14423,5413,589,20425,6302,13331,664,20297,6709,12720,720,20149,8898,13988,1759,24645,10924,12086,1274,24284,4862,11509,2,16373,7181,8189,740,16110,4840,10982,470,16292,6523,9383,5,15911,5374,10017,942,16333,6787,8968,919,16674,6306,9574,783,16663,8394,17185,513,26092
16,17967,10400,10,28377,14769,13195,4,27968,18053,10247,6,28306,18057,10077,8,28142,14389,13842,5,28236,15421,12592,680,28693,16385,12297,17,28699,22200,14963,756,37919,21052,15738,882,37672,18365,13385,483,32233,22728,5955,222,28905,16931,14080,708,31719,20424,10574,667,31665,12786,18054,734,31574,13454,17067,829,31350,14606,18280,2823,35709,19200,14780,1332,35312,11120,15634,14,26768,15900,9643,799,26342,11102,14756,738,26596,14451,11396,21,25868,12495,12915,1151,26561,15370,10887,1047,27304,13804,12701,828,27333,17911,18571,586,37068
17,11218,3571,0,14789,10103,4437,2,14542,11182,3553,1,14736,11218,3431,4,14653,10018,4636,2,14656,10362,4163,414,14939,10786,4151,2,14939,17075,6669,559,24303,16831,6135,993,23959,14315,4653,484,19452,15400,2828,41,18269,13940,4679,598,19217,14871,3687,564,19122,4383,14065,646,19094,4437,13828,750,19015,5814,16035,1792,23641,7744,14118,1260,23122,3472,11976,4,15452,5179,9450,731,15360,3431,11467,548,15446,4660,10460,7,15127,3659,10933,912,15504,4765,9937,1114,15816,4304,10802,786,15892,5729,18836,609,25174
18,20875,5908,3,26786,18599,7809,7,26415,20908,5791,3,26702,21015,5632,11,26658,18256,8452,7,26715,19311,7090,732,27133,20154,6928,12,27094,25969,9445,826,36240,25267,9683,979,35929,22548,7770,665,30983,24412,4470,73,28955,21417,8238,816,30471,23349,6194,830,30373,7624,21773,877,30274,7887,21311,948,30146,8797,22012,2703,33512,12566,19036,1489,33091,6335,18336,16,24687,10166,13273,949,24388,6361,17443,774,24578,8856,15021,28,23905,7041,16438,1239,24718,9323,14655,1266,25244,8002,16422,876,25300,10634,22888,756,34278
19,10415,16018,2,26435,7317,19004,2,26323,10324,16037,2,26363,10989,15411,2,26402,7512,18933,0,26445,7663,18415,620,26698,8690,17844,3,26537,12049,22793,637,35479,12210,21893,1084,35187,10848,16666,443,27957,17678,6549,45,24272,9854,17200,459,27513,12983,14003,503,27489,15128,11745,620,27493,16169,10775,656,27600,19935,10853,2423,33211,22241,9256,1434,32931,11723,13484,0,25207,17089,6975,839,24903,12086,11901,1037,25024,14873,9484,0,24357,13208,10442,1286,24936,15860,8469,1232,25561,15169,9166,1162,25497,17519,15337,577,33433
20,12953,10172,4,23129,10221,12578,0,22799,13156,9913,4,23073,13357,9656,7,23020,10182,12872,4,23058,10407,12347,779,23533,11551,11917,21,23489,15727,15777,743,32247,15612,15110,1192,31914,13555,11017,572,25144,17276,4942,143,22361,12537,11373,713,24623,15400,8569,646,24615,10040,13823,694,24557,10649,12956,748,24353,13505,13071,2268,28844,15933,11077,1347,28357,7320,12218,6,19544,10876,7585,783,19244,7254,11595,575,19424,9718,9206,8,18932,8145,10210,1018,19373,10133,8808,981,19922,9499,9471,911,19881,11935,15806,589,28330
21,15949,13586,1,29536,12539,16638,1,29178,16183,13249,7,29439,16367,13066,2,29435,12736,16731,0,29467,13403,15794,730,29927,14512,15372,17,29901,18302,18767,893,37962,17698,18912,957,37567,13745,14004,535,28284,18290,6166,222,24678,12775,14322,615,27712,15945,11056,680,27681,13058,13872,666,27596,13939,12850,709,27498,14863,12657,2614,30134,18489,10087,1202,29778,9283,10561,9,19853,13323,5721,599,19643,9161,10024,559,19744,11969,7186,5,19160,10448,8373,899,19720,12552,6902,877,20331,11727,7954,683,20364,14489,11997,499,26985
22,16910,11915,7,28832,13339,15084,7,28430,17140,11563,7,28710,17202,11414,17,28633,13148,15623,9,28780,14104,14377,696,29177,15233,13930,20,29183,20017,16683,786,37486,19144,17174,843,37161,16229,14388,522,31139,21167,6122,209,27498,14977,14962,644,30583,18675,11124,676,30475,13330,16485,635,30450,14376,15150,727,30253,15514,16300,2670,34484,19832,13105,1212,34149,10955,14305,0,25260,15860,8237,749,24846,10868,13593,654,25115,14387,9997,17,24401,12529,11469,1094,25092,15273,9511,1058,25842,13944,11088,824,25856,17521,15849,497,33867
23,14414,15165,3,29582,10891,18351,9,29251,14611,14904,7,29522,14916,14571,6,29493,11132,18406,4,29542,11733,17616,718,30067,12887,17085,20,29992,15969,20054,791,36814,15486,20137,880,36503,12047,14670,495,27212,17194,6355,211,23760,11013,15041,611,26665,14278,11723,581,26582,13429,12435,658,26522,14391,11375,687,26453,15430,10509,2256,28195,18453,8293,1074,27820,9038,9368,3,18409,12813,4801,503,18117,8981,8826,430,18237,11422,6305,2,17729,9983,7344,876,18203,12071,5952,796,18819,11454,6729,632,18815,13676,10287,376,24339
24,12089,13530,0,25619,8688,16791,0,25479,12136,13392,0,25528,12539,13050,0,25589,8707,16955,0,25662,9074,16274,394,25742,10276,15485,0,25761,14270,20447,434,35151,14263,19615,1014,34892,12881,14611,357,27849,18699,6203,18,24920,11460,15272,442,27174,15137,11549,415,27101,13198,13488,506,27192,14358,12222,569,27149,17365,12404,2554,32323,19950,10449,1452,31851,9776,14059,0,23835,15688,7100,430,23218,10215,12618,481,23314,13348,9433,2,22783,11203,10975,1033,23211,14177,8991,868,24036,13343,9724,917,23984,15552,16845,414,32811
25,14495,6166,6,20667,12538,8025,4,20567,14563,6105,4,20672,14512,6173,4,20689,12748,7988,4,20740,13540,7146,503,21189,14078,7025,11,21114,20075,9404,1054,30533,19255,9958,911,30124,17418,8269,788,26475,19255,4697,89,24041,16317,8737,856,25910,17742,7208,819,25769,9216,15680,870,25766,8743,15872,1042,25657,10163,18326,3611,32100,14209,15309,1564,31082,6133,12101,11,18245,9316,8272,627,18215,6113,11435,781,18329,9373,8631,8,18012,6733,10536,1072,18341,8593,9524,923,19040,7527,10849,741,19117,10611,17414,985,29010
26,11238,11683,0,22921,8055,14667,0,22722,11222,11654,0,22876,11286,11556,2,22844,8348,14481,2,22831,8715,13942,427,23084,9657,13516,4,23177,14108,17278,668,32054,14076,16585,1047,31708,12179,13021,483,25683,17431,5222,38,22691,10964,13761,523,25248,14349,10343,482,25174,12686,11996,512,25194,13170,11221,675,25066,15585,12439,2390,30414,18100,10582,1267,29949,9458,13192,0,22650,14432,7180,647,22259,9521,12407,472,22400,13409,8605,0,22014,10781,10581,925,22287,12742,9281,971,22994,12344,9663,941,22948,14632,16087,452,31171
27,10940,14378,0,25318,7270,17960,0,25230,10560,14712,0,25272,11170,14072,0,25242,7700,17660,1,25361,7961,17068,335,25364,8963,16531,1,25495,12987,21115,364,34466,12908,20392,879,34179,11678,15777,299,27754,18599,5470,14,24083,10615,16432,258,27305,14207,12703,261,27171,14210,12658,359,27227,15661,11088,475,27224,19050,12050,2076,33176,21572,10075,1251,32898,11129,13836,2,24967,17022,6758,830,24610,11271,12826,477,24574,14802,9323,3,24128,12842,10813,1081,24736,15028,9310,1086,25424,14456,9985,928,25369,16894,16446,312,33652
28,9293,14900,0,24193,5912,18312,0,24224,9335,14837,0,24172,9265,14864,0,24129,6451,17831,0,24282,6522,17603,206,24331,7497,16919,0,24416,11100,22640,288,34028,11403,21437,831,33671,9715,16985,238,26938,17524,5613,12,23149,8617,17433,223,26273,12127,13849,239,26215,15880,10050,255,26185,16932,8940,348,26220,20673,10227,2036,32936,23117,8239,1104,32460,12031,12600,0,24631,18435,5176,490,24101,12325,11332,336,23993,16191,7524,0,23715,13789,9251,816,23856,17184,6967,598,24749,15430,8417,928,24775,18302,14872,262,33436
29,11312,15006,0,26318,7451,18739,0,26190,10846,15271,0,26117,11772,14428,0,26200,8013,18255,0,26268,8130,18027,378,26535,9504,17060,0,26564,13226,21881,364,35471,13559,20860,827,35246,11460,15914,365,27739,18178,5942,23,24143,10482,16335,274,27091,13804,12900,377,27081,13728,12954,414,27096,15014,11554,519,27087,19389,12394,2257,34040,22205,10338,1041,33584,11153,13844,0,24997,17144,6755,892,24791,10835,12485,1392,24712,14422,9744,2,24168,12752,11133,865,24750,16128,8770,580,25478,13966,10641,896,25503,16173,17450,223,33846
30,11543,13546,1,25090,9430,15530,2,24962,12127,13026,0,25153,10854,14076,0,24930,9854,15371,0,25225,9759,15320,441,25520,10725,14707,0,25432,15150,19848,466,35464,16264,17939,909,35112,12613,15050,430,28093,18991,5676,57,24724,11947,14986,460,27393,15426,11581,482,27489,14215,12363,675,27253,13332,13322,702,27356,18117,13841,2178,34136,20802,11434,1410,33646,10579,14106,1,24686,15790,8046,577,24413,9793,14055,499,24347,13661,10264,1,23926,11988,11284,944,24216,15984,8842,365,25191,11601,12869,723,25193,15158,19375,398,34931
31,11436,6904,0,18340,9364,8846,0,18210,11021,7352,0,18373,11628,6760,0,18388,9493,8793,0,18286,9581,8531,578,18690,10574,8074,0,18648,16956,10946,550,28452,16725,10581,931,28237,13443,8169,427,22039,16784,3192,20,19996,13042,8325,451,21818,14421,6747,474,21642,6951,14278,512,21741,7903,13255,568,21726,10186,15724,1893,27803,12514,13763,1142,27419,6206,13965,0,20171,9745,9681,541,19967,6353,12949,779,20081,8062,11447,0,19509,7144,12096,896,20136,9024,10986,609,20619,7880,12201,688,20769,9845,20800,396,31041
32,12144,15027,0,27171,8456,18640,5,27101,11918,15205,0,27123,13414,13868,0,27282,9036,18224,0,27260,8993,18139,259,27391,10546,16894,0,27440,13878,21505,299,35682,14212,20338,888,35438,11828,15722,886,28436,19423,5497,16,24936,11258,16164,344,27766,14942,12388,352,27682,13017,14520,250,27787,14990,12126,590,27706,18551,13093,2088,33732,20834,11184,1271,33289,10171,14382,1,24554,15962,7511,687,24160,9775,13809,584,24168,13641,9889,2,23532,11930,11345,934,24209,15802,8858,442,25102,12890,11199,1033,25122,14772,18195,305,33272
33,11600,15419,0,27019,8097,18600,0,26697,11032,15780,0,26812,11926,14899,0,26825,8701,18300,0,27001,8492,18357,492,27341,10083,17263,1,27347,13832,22467,444,36743,14091,21223,940,36254,11702,16401,526,28629,18704,5556,32,24292,10604,16652,476,27732,13988,13127,459,27574,13281,13808,452,27541,15192,11664,710,27566,18950,12320,1951,33221,21305,10148,1093,32546,10204,13466,0,23670,14872,7348,803,23023,9926,12502,731,23159,12658,9601,4,22263,11606,10649,1022,23277,15849,8234,539,24622,13121,10637,908,24666,15487,16995,352,32834
34,10932,14657,0,25589,7080,18381,0,25461,10379,15127,0,25506,11616,13903,0,25519,7668,18025,0,25693,7695,17630,338,25663,9033,16817,0,25850,12572,21271,366,34209,12862,20300,869,34031,11189,15044,514,26747,18404,4865,28,23297,9929,16022,382,26333,13734,11923,402,26059,12687,13097,358,26142,14629,11010,544,26183,18397,11932,2229,32558,21092,9859,1344,32295,10112,14188,0,24300,16245,6914,773,23932,9734,13333,763,23830,13462,9936,0,23398,11984,11096,1063,24143,15054,9047,530,24631,13084,10707,857,24648,14939,18034,272,33245
35,10450,13363,0,23813,8634,15028,0,23662,10349,13403,2,23754,10489,13208,0,23697,9238,14581,2,23821,8730,14826,451,24007,9918,14001,6,23925,14640,19251,700,34591,14817,18093,1263,34173,12354,13117,409,25880,16381,5645,87,22113,11538,13300,546,25384,13359,11504,550,25413,11623,13212,650,25485,12483,12113,877,25473,16441,13489,2350,32280,18542,11876,1424,31842,10149,13148,0,23297,13045,9132,1067,23244,9730,12768,837,23335,12210,10671,0,22881,10954,11252,1236,23442,15179,8459,679,24317,11862,11232,1230,24324,13771,20057,563,34391
36,12987,9696,0,22683,10790,11394,0,22184,12453,10025,0,22478,13027,9476,0,22503,11089,11467,2,22558,10838,11530,731,23099,12105,10937,4,23046,17681,14733,795,33209,17376,14117,1187,32680,14518,11177,840,26535,18252,4805,46,23103,13848,11000,793,25641,15574,9177,826,25577,9295,15409,813,25517,10192,14206,925,25323,13099,15939,2341,31379,15580,13691,1332,30603,7729,14097,0,21826,10133,9879,943,20955,7590,12918,973,21481,9372,11328,3,20703,8248,12095,1190,21533,12156,9925,689,22770,9289,12569,984,22842,12484,19917,650,33051
37,16207,10957,0,27164,13221,13570,0,26791,15713,11231,0,26944,16449,10573,0,27022,14031,13258,0,27289,14031,12544,847,27422,14977,12485,4,27466,20183,15415,954,36552,19470,15728,1135,36333,15613,12701,812,29126,19905,5940,125,25970,13847,14104,871,28822,17120,10543,955,28618,11351,16321,911,28583,12560,14802,1237,28599,13948,15946,2886,32780,18498,12470,1446,32414,9834,13602,6,23442,13714,8526,825,23065,9355,13052,1011,23418,12596,10113,7,22716,11285,11339,1151,23775,13493,9938,779,24210,11780,11500,942,24222,14435,17246,707,32388
38,14130,12345,2,26477,10768,15540,0,26308,13429,12986,0,26415,14554,11976,0,26530,11041,15398,1,26440,11415,14842,764,27021,12769,14264,1,27034,17638,17597,754,35989,17183,17612,872,35667,14958,13977,717,29652,20284,5532,70,25886,13920,14558,683,29161,16249,11937,725,28911,12423,15807,757,28987,13870,14316,790,28976,16516,15537,2708,34761,20446,12652,1255,34353,10155,13812,4,23971,14994,8005,618,23617,10290,12588,945,23823,12749,10250,2,23001,11569,11305,996,23870,13989,9850,804,24643,12625,11336,739,24700,15746,17917,608,34271
39,13917,6878,0,20795,11984,8522,0,20506,13566,7072,0,20638,14074,6675,0,20749,12465,8421,0,20886,12342,7847,810,20999,13178,7814,0,20992,19475,10827,827,31129,19106,10507,1216,30829,15561,8214,840,24615,18113,4324,71,22508,14258,9173,955,24386,16466,6794,922,24182,7331,15961,877,24169,8062,14791,1336,24189,9965,16625,2537,29127,13226,13952,1554,28732,6209,13541,0,19750,8856,9816,766,19438,5817,12984,916,19717,8079,11045,3,19127,7109,11759,1074,19942,8570,10974,768,20312,7338,12199,807,20344,9269,20007,645,29921
40,15732,10321,0,26053,12798,12840,0,25638,15247,10589,0,25836,15901,10029,2,25932,13672,12509,0,26181,13472,11958,949,26379,14442,11868,2,26312,20069,14751,1001,35821,19526,14839,1167,35532,16273,12114,849,29236,20405,5782,139,26326,14531,13388,981,28900,17755,9959,954,28668,10768,16989,948,28705,11930,15379,1318,28627,13846,17093,2757,33696,17998,13743,1560,33301,9690,15312,4,25006,13493,10099,860,24452,9146,14806,976,24928,12428,11639,25,24092,11184,12919,1101,25204,13361,11584,784,25729,11731,13138,944,25813,14316,20102,676,35094
41,10602,12126,0,22728,8784,13782,0,22566,10352,12341,0,22693,10889,11749,0,22638,9307,13419,0,22726,9059,13324,580,22963,10215,12719,4,22938,15799,17153,659,33611,15656,16499,970,33125,12149,12310,502,24961,16113,5291,116,21520,11606,12415,572,24593,13437,10498,585,24520,10731,13119,614,24464,11919,11914,689,24522,15130,13757,2200,31087,17625,11589,1319,30533,9558,11871,6,21435,12615,7960,750,21325,9160,11468,738,21366,11671,9234,0,20905,10525,9969,966,21460,13579,8083,613,22275,11279,10142,787,22208,13682,18410,467,32559
42,13657,15631,0,29288,10079,18931,2,29012,13269,15810,0,29079,14414,14765,0,29179,11046,18454,0,29500,10890,17881,692,29463,12119,17491,4,29614,16145,21103,657,37905,16065,20554,957,37576,13659,15898,609,30166,19785,6591,69,26445,11967,17231,654,29852,15757,13092,650,29499,14020,14914,650,29584,15572,13147,870,29589,18415,13807,2518,34740,21857,11165,1112,34134,11047,14263,0,25310,15922,8177,649,24748,10388,13669,734,24791,14120,10260,5,24385,12588,11704,968,25260,15179,9947,635,25761,13813,11158,798,25769,16140,17845,366,34351
43,19322,7367,17,26706,17227,9190,11,26428,18865,7797,5,26667,19403,7288,12,26703,17560,9179,6,26745,18129,8265,699,27093,18909,8132,12,27053,24726,10090,764,35580,23705,10626,781,35112,19485,7842,506,27833,21240,4107,78,25425,18069,8622,678,27369,19511,7046,675,27232,7370,19087,777,27234,8081,18230,831,27142,8868,19738,2393,30999,12514,16487,1252,30253,6409,14341,4,20754,8648,10808,832,20288,6091,13589,850,20530,7707,12308,17,20032,6853,12906,1019,20778,8755,11985,709,21449,7401,13470,630,21501,9940,19328,560,29828
44,9176,13865,0,23041,6891,16154,0,23045,9068,13960,0,23028,9242,13768,0,23010,7288,15946,0,23234,7087,16071,208,23366,7805,15328,0,23133,11009,21144,404,32557,11652,19488,984,32124,9629,14969,277,24875,16117,4777,22,20916,8558,15559,288,24405,11330,12618,307,24255,13731,10106,352,24189,14496,9190,612,24298,18690,9849,2038,30577,20065,8724,1172,29961,10705,11539,0,22244,14988,6322,653,21963,10757,10469,614,21840,13452,7963,0,21415,12231,8677,1102,22010,14793,7279,784,22856,13345,8458,928,22731,16225,14641,607,31473
45,20778,4142,7,24927,19389,5412,8,24809,20504,4473,5,24982,20836,4187,11,25034,19666,5378,2,25046,20136,4652,584,25372,20675,4664,3,25342,26817,6436,735,33988,25968,6811,690,33469,23175,5464,572,29211,23797,3254,59,27110,21892,6142,700,28734,22832,5012,741,28585,5431,22255,787,28473,5737,21843,865,28445,6792,24589,2545,33926,9834,21448,1533,32815,4504,16362,17,20883,6050,13595,898,20543,4258,15653,889,20800,5472,14833,16,20321,4687,15258,1170,21115,6192,14734,853,21779,5026,16157,686,21869,8765,24788,948,34501
46,12863,14144,0,27007,9638,17284,0,26922,12339,14624,0,26963,13411,13637,0,27048,10164,17027,0,27191,10637,16169,446,27252,11642,15606,2,27250,15744,19379,514,35637,15450,18902,941,35293,12809,14500,389,27698,18374,5494,49,23917,11357,15463,439,27259,14144,12413,485,27042,12865,13724,493,27082,14415,12091,621,27127,16761,12898,2185,31844,19878,10267,1198,31343,10820,12565,2,23387,15051,7143,696,22890,10319,11848,658,22825,13321,9093,0,22414,11849,10354,1064,23267,14515,8703,756,23974,13034,10102,866,24002,15126,15807,516,31449
47,13018,14780,1,27799,11190,16409,0,27599,12359,15516,0,27875,12927,14688,4,27619,11647,16139,6,27792,11295,16171,763,28229,12630,15433,10,28073,18097,19075,853,38025,17250,19323,1019,37592,13162,15020,591,28773,17127,6977,192,24296,12749,14918,705,28372,14324,13389,728,28441,13432,14043,795,28270,14467,12944,833,28244,16930,14392,2563,33885,20270,11767,1337,33374,12865,11255,0,24120,15083,8122,703,23908,12451,10944,849,24244,14671,9005,0,23676,13760,9423,1032,24215,17127,7438,651,25216,14176,10258,742,25176,17563,15862,501,33926
48,8352,12864,0,21216,6636,14531,0,21167,8206,12982,0,21188,8565,12656,2,21223,6977,14312,0,21289,6718,14302,394,21414,7705,13634,4,21343,12478,19077,590,32145,12755,17850,1190,31795,10191,12895,401,23487,14463,5094,50,19607,9495,13114,414,23023,11098,11537,405,23040,11554,11120,423,23097,12697,9761,560,23018,16899,11282,2098,30279,18813,9600,1290,29703,10136,9987,0,20123,13027,6214,758,19999,9813,9544,687,20044,11952,7776,0,19728,11107,7976,966,20049,13382,6788,603,20773,11568,8250,869,20687,14075,16138,452,30665
49,10403,7732,0,18135,9559,8432,0,17991,10190,7996,0,18186,10412,7589,0,18001,9851,8253,0,18104,9408,8384,342,18134,10309,7965,0,18274,16865,11675,545,29085,16670,11133,1081,28884,12836,8299,334,21469,14808,4211,55,19074,12788,7942,472,21202,13572,7229,471,21272,7254,13367,527,21148,7748,12835,583,21166,10638,15557,2349,28544,12744,13727,1442,27913,6999,11853,0,18852,8157,9684,662,18503,6605,11510,556,18671,8064,10479,2,18545,7158,10762,928,18848,9713,9025,513,19251,7630,11093,580,19303,9883,20656,402,30941
50,9809,11233,0,21042,8753,12111,0,20864,9857,11141,0,20998,9808,11158,0,20966,8873,12178,0,21051,8316,12458,417,21191,9241,11836,0,21077,13817,17114,841,31772,15013,14919,1354,31286,12878,10591,370,23839,15768,4800,39,20607,12031,10980,460,23471,13108,9792,463,23363,10073,12846,510,23429,10343,12257,857,23457,15478,12928,2255,30661,15792,12596,1643,30031,8244,12166,0,20410,9871,9369,1022,20262,7944,11631,723,20298,9508,10482,0,19990,8668,10661,1104,20433,10811,9522,706,21039,9266,10833,875,20974,13553,20402,656,34611