District ID,G22AgD,G22AgR,G22AgO,G22AgT,G22AgrCD,G22AgrCR,G22AgrCO,G22AgrCT,G22TreD,G22TreR,G22TreO,G22TreT,G22AudD,G22AudR,G22AudO,G22AudT,G22SosD,G22SosR,G22SosO,G22SosT,G22GovD,G22GovR,G22GovO,G22GovT,G22SenD,G22SenR,G22SenO,G22SenT,G20PreD,G20PreR,G20PreO,G20PreT,G20SenD,G20SenR,G20SenO,G20SenT,G18GovR,G18GovD,G18GovO,G18GovT,G18AgD,G18AgR,G18AgO,G18AgT,G18SosR,G18SosD,G18SosO,G18SosT,G18TreR,G18TreD,G18TreO,G18TreT,G18AudR,G18AudD,G18AudO,G18AudT,G18AgrCR,G18AgrCD,G18AgrCO,G18AgrCT,G16PreR,G16PreD,G16PreO,G16PreT,G16SenR,G16SenD,G16SenO,G16SenT,G14AgR,G14AgD,G14AgO,G14AgT,G14AgrCR,G14AgrCD,G14AgrCO,G14AgrCT,G14TreR,G14TreD,G14TreO,G14TreT,G14AudR,G14AudD,G14AudO,G14AudT,G14SosR,G14SosD,G14SosO,G14SosT,G14GovR,G14GovD,G14GovO,G14GovT,G14SenR,G14SenD,G14SenO,G14SenT,G12PreR,G12PreD,G12PreO,G12PreT
1,3057,2704,0,5761,2661,3076,0,5737,2970,2799,0,5769,3097,2678,0,5775,2731,3051,0,5782,2525,3152,77,5754,2805,3016,1,5822,5610,4808,120,10538,5543,4332,433,10308,3574,4413,111,8098,5586,1522,32,7140,3354,4461,140,7955,2967,4768,121,7856,2834,4889,134,7857,3222,4433,243,7898,4584,5236,716,10536,5196,4578,535,10309,2786,3939,0,6725,3259,2981,351,6591,3001,3506,103,6610,3148,3399,0,6547,2698,3598,383,6679,3734,2961,166,6861,3082,3447,400,6929,3859,7133,163,11155
2,3683,4509,0,8192,2922,5260,0,8182,3533,4654,0,8187,3743,4442,0,8185,3051,5190,0,8241,2831,5318,169,8318,3218,5078,3,8299,5794,7274,283,13351,5790,6809,519,13118,5720,4656,209,10585,6755,2138,53,8946,5543,4566,208,10317,4755,5251,226,10232,4595,5449,262,10306,5394,4576,318,10288,7111,4984,884,12979,7913,4274,587,12774,4523,4270,2,8795,5445,2850,415,8710,4944,3660,174,8778,5125,3410,2,8537,4471,3855,462,8788,5846,3006,245,9097,5007,3640,498,9145,6537,6575,263,13375
3,2736,8889,0,11625,1742,9998,0,11740,2703,8923,0,11626,3036,8647,0,11683,2015,9741,0,11756,1758,10161,78,11997,2200,9736,0,11936,3912,12777,246,16935,3928,12562,238,16728,10062,2749,108,12919,6624,2633,19,9276,9747,2669,101,12517,8802,3427,127,12356,8701,3633,131,12465,9687,2649,164,12500,11781,3138,978,15897,12818,2395,311,15524,8555,2531,0,11086,9244,1522,113,10879,8472,2416,101,10989,8590,2006,0,10596,7816,2691,322,10829,9612,1669,97,11378,8796,2257,267,11320,11156,4146,125,15427
4,1598,10835,0,12433,1063,11423,0,12486,1643,10743,0,12386,1687,10677,0,12364,1218,11284,0,12502,1087,11601,19,12707,1424,11239,0,12663,2370,14520,205,17095,2237,14447,149,16833,11548,1707,39,13294,5566,2766,36,8368,11310,1576,63,12949,10675,2072,72,12819,10874,1835,89,12798,11279,1497,84,12860,13602,1870,781,16253,14241,1479,232,15952,9934,1379,0,11313,10387,750,52,11189,9858,1364,60,11282,10032,1029,0,11061,9752,1152,224,11128,10636,831,81,11548,10263,1118,129,11510,13116,2484,113,15713
5,3196,8434,0,11630,1817,9881,0,11698,3155,8418,0,11573,3282,8271,0,11553,2219,9447,0,11666,1928,9806,81,11815,2459,9318,0,11777,4054,12650,96,16800,4265,11996,293,16554,9362,3503,111,12976,7516,2423,10,9949,9440,3029,98,12567,8076,4253,97,12426,8258,4158,91,12507,9498,2999,134,12631,12113,3521,849,16483,12962,2817,312,16091,7528,4108,0,11636,9571,1786,182,11539,7675,3653,158,11486,8548,2597,0,11145,7602,3437,335,11374,9636,2251,129,12016,8583,2939,452,11974,10804,5402,151,16357
6,3615,5703,0,9318,2183,7223,0,9406,3638,5656,0,9294,3718,5578,0,9296,2572,6780,0,9352,2456,6936,111,9503,2840,6568,0,9408,4883,9139,238,14260,5057,8546,459,14062,6678,4350,130,11158,7242,1807,0,9049,6963,3702,143,10808,5514,5123,161,10798,5817,4843,146,10806,7126,3589,186,10901,8812,4433,867,14112,9556,3735,548,13839,5105,4413,0,9518,7183,2133,199,9515,4795,4351,286,9432,6182,2942,0,9124,5296,3705,398,9399,6945,2636,269,9850,6006,3376,462,9844,7866,6040,162,14068
7,4300,8288,0,12588,2453,10182,0,12635,4427,8155,0,12582,4445,8121,0,12566,2801,9823,0,12624,2623,10014,102,12739,3124,9569,0,12693,4571,12747,98,17416,4803,12056,331,17190,9291,4466,130,13887,9142,2735,0,11877,9438,3990,79,13507,7137,6290,81,13508,8082,5251,108,13441,9434,4028,100,13562,11831,4370,730,16931,12739,3577,347,16663,5971,6537,0,12508,9734,2332,231,12297,6219,5807,175,12201,8092,3787,0,11879,6924,4746,435,12105,8954,3214,588,12756,8321,3852,480,12653,10054,7155,134,17343
8,4567,5272,0,9839,3197,6616,0,9813,4486,5353,0,9839,4510,5321,0,9831,3356,6523,0,9879,3305,6436,111,9852,3716,6144,0,9860,5832,8765,151,14748,6015,8140,568,14723,6201,5344,146,11691,8105,2228,20,10353,6186,4981,231,11398,4733,6496,149,11378,5365,5778,251,11394,6088,5019,312,11419,8096,5564,976,14636,8960,4770,669,14399,3853,6838,0,10691,6563,3553,470,10586,3936,6293,276,10505,5348,4854,0,10202,4629,5296,637,10562,6378,4072,476,10926,5598,4708,590,10896,6798,8264,184,15246
9,4619,8327,0,12946,3159,9832,0,12991,4819,8139,0,12958,4568,8345,0,12913,3606,9374,0,12980,3389,9496,149,13034,3971,9057,0,13028,5857,11898,187,17942,6278,10998,545,17821,8729,5267,171,14167,9329,2914,14,12257,8786,4927,163,13876,7082,6614,173,13869,8242,5399,166,13807,8947,4833,196,13976,11058,5375,1022,17455,12109,4576,609,17294,6169,6535,0,12704,9163,3106,421,12690,5843,6391,308,12542,7719,4639,0,12358,6709,5182,640,12531,9216,3544,265,13025,7431,4868,662,12961,9340,8114,165,17619
10,4887,9111,0,13998,2880,11201,0,14081,4815,9183,0,13998,4822,9165,0,13987,3603,10447,0,14050,3395,10596,160,14151,4040,10152,0,14192,5989,13174,149,19312,6363,12467,340,19170,9534,5340,137,15011,9253,2891,41,12185,9629,4879,114,14622,7983,6445,134,14562,8533,5918,144,14595,10452,4236,111,14799,11976,5199,801,17976,13056,4198,466,17720,6651,5995,0,12646,9983,2565,167,12715,6335,5877,202,12414,8047,4064,2,12113,7030,4986,352,12368,9370,3554,139,13063,8023,4451,502,12976,10373,7443,158,17974
11,5147,7299,0,12446,2920,9437,0,12357,4634,7682,0,12316,4594,7816,0,12410,3122,9281,0,12403,3033,9586,85,12704,3679,8947,0,12626,5474,12181,128,17783,5638,11479,427,17544,8862,4886,122,13870,9046,2194,0,11240,8791,4162,171,13124,6445,6418,163,13026,7650,5292,160,13102,8435,4445,223,13103,10734,5161,954,16849,11606,4224,491,16321,5087,6772,0,11859,8378,2776,327,11481,5174,6091,206,11471,6892,4016,0,10908,5871,4907,497,11275,8428,3593,318,12339,7484,4299,504,12287,9160,7762,64,16986
12,3028,7135,0,10163,2131,8042,0,10173,3208,6922,0,10130,2882,7232,0,10114,2326,7896,0,10222,2068,8257,69,10394,2554,7806,0,10360,4523,11042,85,15650,4697,10333,297,15327,8272,3466,81,11819,6852,2201,15,9068,8002,3167,102,11271,6570,4634,75,11279,7260,3846,111,11217,7736,3407,146,11289,10356,3980,555,14891,10707,3376,365,14448,5417,4332,0,9749,7488,2020,169,9677,5257,4080,161,9498,6556,2798,2,9356,5824,3315,305,9444,7829,2386,180,10395,6782,3132,293,10207,8625,6160,76,14861
13,3628,9103,0,12731,2269,10452,0,12721,3569,9129,0,12698,3873,8790,0,12663,2597,10160,0,12757,2164,10595,65,12824,2812,10074,2,12888,4533,13517,101,18151,4710,12862,335,17907,10308,3767,84,14159,8015,3135,27,11177,9875,3829,74,13778,8501,5148,98,13747,8205,5469,112,13786,9724,3911,130,13765,12713,3917,652,17282,13450,3276,288,17014,7430,5046,0,12476,9606,2418,358,12382,8026,4211,141,12378,8568,3551,0,12119,7179,4656,456,12291,10131,2642,127,12900,8739,3484,628,12851,10918,6383,95,17396
14,4109,6098,0,10207,3079,7064,0,10143,3934,6241,0,10175,4255,5933,4,10192,3226,6980,0,10206,3061,7130,125,10316,3502,6809,8,10319,5942,9397,380,15719,5888,9032,617,15537,7137,4816,241,12194,7327,2697,71,10095,7000,4669,195,11864,6054,5543,202,11799,5813,5795,305,11913,6832,4672,349,11853,9065,4820,1010,14895,9890,4055,737,14682,5667,4293,0,9960,6729,2613,489,9831,6234,3570,160,9964,6347,3308,0,9655,5592,3862,535,9989,7192,2838,272,10302,6222,3577,560,10359,7999,6653,355,15007
15,4344,8764,0,13108,3803,9266,2,13071,4349,8693,2,13044,4048,8984,2,13034,3988,9199,0,13187,3753,9373,211,13337,4197,9077,6,13280,6377,12620,238,19235,6459,11894,690,19043,9196,4935,239,14370,7892,3612,105,11609,9218,4612,236,14066,8447,5301,267,14015,8912,4731,318,13961,8752,4880,405,14037,11264,5198,974,17436,11757,4358,909,17024,6798,4390,4,11192,7744,2831,544,11119,6595,4076,452,11123,7623,3383,0,11006,6860,3645,711,11216,8103,2887,692,11682,7390,3717,472,11579,10086,6771,210,17067
16,3596,8845,0,12441,3094,9369,0,12463,3739,8668,0,12407,3488,8914,0,12402,3274,9233,0,12507,3110,9364,123,12597,3544,9078,0,12622,5383,12775,226,18384,5469,12212,462,18143,9224,4572,199,13995,7409,3661,48,11118,9418,4024,261,13703,8516,4859,259,13634,9045,4241,275,13561,9161,4170,310,13641,11621,4506,1017,17144,12241,3608,724,16573,6970,3895,2,10867,7997,2244,500,10741,6680,3676,352,10708,7863,2829,0,10692,6971,3188,632,10791,8121,2537,544,11202,7687,3125,367,11179,9979,6417,177,16573
17,4307,7669,0,11976,2805,9076,0,11881,4228,7666,0,11894,4339,7566,0,11905,2926,9034,0,11960,2885,9006,96,11987,3381,8591,0,11972,4738,11682,73,16493,4734,11203,368,16305,8350,4604,66,13020,8603,2456,5,11064,8632,3892,87,12611,6889,5684,62,12635,7521,5041,64,12626,8039,4314,190,12543,10474,4539,824,15837,11344,3745,389,15478,5529,6008,0,11537,8471,2504,166,11141,5656,5282,102,11040,7480,3496,0,10976,6278,4377,333,10988,8151,3195,223,11569,7626,3549,391,11566,8474,7301,79,15854
18,3624,7927,0,11551,2898,8619,0,11517,3844,7674,0,11518,3472,8031,0,11503,3067,8503,0,11570,2865,8645,121,11631,3322,8330,0,11652,5027,11694,128,16849,5018,11317,278,16613,8630,4102,102,12834,7574,2632,5,10211,8917,3527,83,12527,7659,4732,84,12475,8428,3822,151,12401,8534,3753,182,12469,10996,4336,787,16119,11732,3474,502,15708,6724,4375,0,11099,8307,2334,319,10960,6566,4096,221,10883,7944,2955,0,10899,7180,3316,350,10846,8355,2709,341,11405,8027,3154,163,11344,9721,6247,141,16109
19,4076,4860,0,8936,3762,5121,0,8883,4003,4900,0,8903,3893,4970,4,8867,3774,5170,2,8946,3695,5138,209,9042,3948,5051,4,9003,6766,7778,383,14927,6706,7292,678,14676,5573,5097,367,11037,6852,2434,95,9381,5634,4865,334,10833,5229,5167,357,10753,5557,4824,411,10792,5418,4967,430,10815,7142,5632,1036,13810,7680,4761,1019,13460,4017,3811,5,7833,4425,2803,588,7816,3959,3473,424,7856,4543,3170,9,7722,4031,3279,568,7878,4747,2801,570,8118,4231,3371,485,8087,6367,6877,326,13570
20,3233,3680,0,6913,3065,3801,0,6866,3212,3675,2,6889,3170,3695,4,6869,3103,3807,0,6910,2952,3852,128,6932,3173,3768,0,6941,5699,6177,293,12169,5724,5580,694,11998,4387,4445,308,9140,5631,2178,41,7850,4385,4323,334,9042,4111,4478,341,8930,4343,4211,415,8969,4201,4370,422,8993,6109,4894,969,11972,6310,4210,1067,11587,3170,3418,2,6590,3362,2685,632,6679,3098,3115,446,6659,3640,2908,2,6550,3096,3021,624,6741,3725,2603,524,6852,3289,3060,524,6873,5092,6689,264,12045
21,5925,6983,0,12908,4361,8400,0,12761,5886,6980,0,12866,6245,6578,0,12823,4350,8507,2,12859,4544,8161,318,13023,5141,7799,9,12949,6995,10398,327,17720,7073,9830,642,17545,7363,6297,307,13967,9138,2934,35,12107,7668,5595,329,13592,6040,7193,315,13548,6533,6603,413,13549,7183,5836,436,13455,8840,6407,1276,16523,10115,5422,670,16207,4789,7140,7,11936,7620,3783,342,11745,5061,6408,365,11834,6309,5132,9,11450,5403,5752,593,11748,6898,4728,546,12172,6348,5212,598,12158,7645,8404,286,16335
22,7342,8494,2,15838,5453,10156,2,15611,7375,8326,2,15703,7703,8031,3,15737,5447,10234,2,15683,5646,9877,471,15994,6383,9476,7,15866,8243,11873,478,20594,8196,11610,591,20397,8468,7018,337,15823,10168,3564,73,13805,8708,6333,380,15421,6842,8167,397,15406,7654,7315,402,15371,8177,6652,455,15284,9769,6455,1259,17483,11159,5388,707,17254,5297,6913,1,12211,8124,3512,376,12012,5559,6229,326,12114,7026,4687,1,11714,6098,5359,591,12048,7488,4383,633,12504,7173,4750,542,12465,8528,7684,297,16509
23,5405,8391,0,13796,3541,10224,0,13765,5433,8326,0,13759,5855,7944,0,13799,3628,10214,0,13842,3711,10032,170,13913,4312,9619,2,13933,5720,12305,179,18204,5775,11809,475,18059,9118,5157,170,14445,9123,3478,24,12625,9263,4631,206,14100,7230,6616,264,14110,7908,5948,219,14075,8719,5006,330,14055,10143,4940,1015,16098,11188,4067,601,15856,5661,6807,0,12468,9012,2937,253,12202,6017,5972,259,12248,7751,4185,0,11936,6520,5111,473,12104,8308,3798,487,12593,7743,4233,540,12516,8785,7243,184,16212
24,4222,7279,0,11501,2668,8797,0,11465,4037,7454,0,11491,4335,7137,0,11472,2930,8585,0,11515,2618,8879,47,11544,3184,8439,2,11625,4520,11134,57,15711,4700,10424,329,15453,7973,4130,76,12179,7693,2860,6,10559,8022,3797,71,11890,6407,5408,48,11863,6800,4896,114,11810,7455,4245,161,11861,9774,4538,821,15133,10419,3954,464,14837,4755,6001,2,10758,7605,2601,266,10472,4973,5357,113,10443,6400,3947,0,10347,5424,4621,366,10411,7218,3272,299,10789,6479,3706,626,10811,7763,7047,160,14970
25,3892,5052,0,8944,3117,5742,0,8859,3802,5081,0,8883,3856,5022,0,8878,3196,5743,0,8939,3125,5681,167,8973,3485,5501,0,8986,5337,8113,197,13647,5804,7172,460,13436,5339,4981,138,10458,6994,2204,7,9205,5514,4606,152,10272,4715,5370,171,10256,4874,5099,246,10219,5182,4787,305,10274,7432,5122,761,13315,7488,4850,635,12973,3480,5897,2,9379,4795,3920,483,9198,3712,5212,319,9243,4380,4684,2,9066,3867,4835,565,9267,5143,4073,397,9613,4563,4524,538,9625,5834,7770,208,13812
26,3971,7687,0,11658,2661,8969,0,11630,3965,7714,0,11679,3950,7692,0,11642,2804,8894,0,11698,2601,8949,119,11669,3145,8574,0,11719,4350,11620,111,16081,4683,10667,484,15834,7987,4276,87,12350,7625,2931,6,10562,8152,3817,61,12030,6487,5464,69,12020,7183,4707,110,12000,7623,4182,205,12010,10401,4210,716,15327,10259,4359,413,15031,4884,6183,0,11067,7463,3051,310,10824,4973,5631,231,10835,6313,4306,0,10619,5653,4680,533,10866,7500,3356,430,11286,6617,3970,640,11227,8083,6911,235,15229
27,8039,6733,0,14772,6339,8290,0,14629,7954,6775,0,14729,8089,6697,2,14788,6504,8299,0,14803,6866,7879,335,15080,7312,7533,6,14851,9235,8819,449,18503,8615,9258,465,18338,6882,6414,261,13557,8924,2829,158,11911,7091,5852,354,13297,5673,7159,337,13169,6422,6451,360,13233,6792,5909,381,13082,5798,4865,1033,11696,7576,3570,435,11581,4501,4167,0,8668,6231,2144,198,8573,4595,3836,241,8672,5671,2636,4,8311,4995,3278,335,8608,6101,2538,322,8961,5523,3156,296,8975,6898,4583,126,11607
28,7563,6397,0,13960,6003,7844,2,13849,7525,6420,0,13945,7588,6386,0,13974,5984,8038,0,14022,6348,7557,343,14248,6822,7187,5,14014,8916,8767,421,18104,8404,9067,483,17954,6520,6338,253,13111,8695,2789,117,11601,6762,5788,325,12875,5404,6987,348,12739,6029,6418,332,12779,6516,5819,368,12703,5928,4929,1069,11926,7572,3681,495,11748,4086,4305,4,8395,5838,2206,209,8253,4182,3904,251,8337,5253,2779,2,8034,4555,3421,352,8328,5655,2676,318,8649,5073,3278,265,8616,6281,4994,218,11493
29,4959,2624,2,7585,4250,3194,2,7446,4987,2577,0,7564,4983,2528,2,7513,4205,3331,2,7538,4302,3121,240,7663,4623,3034,2,7659,7685,4675,252,12612,7624,4354,445,12423,3132,6056,226,9414,7071,1550,44,8665,3117,5841,280,9238,2430,6568,265,9263,2801,6120,305,9226,3002,5801,323,9126,3923,6547,805,11275,4855,5623,593,11071,2124,5023,0,7147,3142,3610,298,7050,2127,4793,182,7102,2868,4100,0,6968,2374,4351,393,7118,2923,3926,395,7244,2757,4151,342,7250,3681,7713,213,11607
30,5988,3019,0,9007,5137,3715,0,8852,6071,2932,0,9003,6065,2873,0,8938,5089,3888,0,8977,5179,3638,354,9171,5576,3549,0,9125,8495,5430,322,14247,8492,5055,560,14107,3842,7224,299,11365,8337,2045,68,10450,3890,6874,347,11111,2983,7856,324,11163,3501,7211,359,11071,3707,6919,397,11023,4975,7441,954,13370,6069,6463,681,13213,2737,6486,2,9225,4038,4579,442,9059,2712,6189,288,9189,3655,5284,5,8944,3000,5666,549,9215,3864,5041,525,9430,3549,5423,441,9413,4713,9472,300,14485
31,9009,5625,9,14643,7360,7080,2,14442,9071,5535,5,14611,9044,5465,5,14514,7224,7354,4,14582,7727,6758,328,14813,8257,6571,14,14842,11131,7836,375,19342,10482,8331,398,19211,6909,8794,232,15935,11013,3019,133,14165,7241,8065,329,15635,5462,9848,310,15620,6573,8652,344,15569,6966,8094,404,15464,7502,8865,1401,17768,9891,7028,650,17569,5777,7234,12,13023,8132,4331,353,12816,5734,6877,337,12948,7425,5143,18,12586,6497,5900,526,12923,7941,4905,465,13311,7099,5834,381,13314,9538,8827,315,18680
32,8958,4775,1,13734,7409,6115,2,13526,8982,4712,1,13695,9013,4612,3,13628,7165,6488,1,13654,7694,5834,352,13880,8128,5726,3,13857,11069,7127,381,18577,10570,7407,484,18461,6476,9571,251,16298,11715,2936,89,14740,6839,8866,379,16084,5112,10576,357,16045,6213,9402,390,16005,6488,8973,425,15886,7104,9415,1422,17941,9309,7752,682,17743,5343,8400,2,13745,7768,5312,446,13526,5368,7879,401,13648,7026,6253,3,13282,5998,7015,625,13638,7429,5982,582,13993,6705,6867,447,14019,8373,9744,271,18388
33,5091,2146,0,7237,4459,2637,0,7096,5083,2129,0,7212,5103,2053,0,7156,4446,2700,0,7146,4565,2511,208,7284,4813,2481,0,7294,7896,3927,265,12088,7849,3499,575,11923,2539,6434,242,9215,7138,1435,29,8602,2596,6221,298,9115,2012,6793,242,9047,2338,6387,327,9052,2417,6246,359,9022,3366,7102,794,11262,4165,6222,647,11034,1796,5487,0,7283,2645,4185,396,7226,1803,5232,215,7250,2383,4745,0,7128,1915,4924,455,7294,2428,4449,529,7406,2264,4746,443,7453,2975,8787,307,12069
34,6127,1425,0,7552,5644,1800,2,7446,6099,1424,1,7524,6115,1378,4,7497,5572,1936,2,7510,5798,1651,206,7655,5973,1669,2,7644,9179,2742,294,12215,8981,2637,418,12036,2114,7881,242,10237,8262,1393,12,9667,2083,7719,300,10102,1676,8078,322,10076,2045,7678,319,10042,2020,7582,391,9993,2448,8933,997,12378,3580,7896,613,12089,1675,6489,4,8168,2534,5265,335,8134,1628,6235,333,8196,2278,5716,7,8001,1745,6010,456,8211,2337,5488,585,8410,2040,6056,342,8438,2753,10049,301,13103
35,10095,3295,0,13390,8905,4300,0,13205,10135,3210,1,13346,10218,3094,0,13312,8738,4606,0,13344,9281,3898,403,13582,9691,3844,2,13537,12449,5309,432,18190,12105,5370,536,18011,4329,10720,367,15416,11874,2493,22,14389,4524,10181,451,15156,3399,11258,468,15125,4144,10446,500,15090,4278,10223,514,15015,5104,10796,1502,17402,7031,9340,838,17209,3492,9459,5,12956,5728,6599,516,12843,3545,8936,435,12916,4926,7611,11,12548,3887,8367,701,12955,5150,7370,711,13231,4528,8220,516,13264,5990,11752,412,18154
36,10780,2613,3,13396,9694,3509,7,13210,10773,2581,2,13356,10797,2538,11,13346,9518,3846,7,13371,10030,3192,329,13551,10463,3084,10,13557,13520,4136,394,18050,13162,4313,443,17918,3441,11828,298,15567,12538,1977,51,14566,3714,11236,365,15315,2795,12091,362,15248,3480,11327,377,15184,3609,11088,434,15131,3693,11216,1201,16110,5535,9696,651,15882,2843,8877,11,11731,4438,6674,433,11545,2816,8507,339,11662,3930,7410,17,11357,3154,8071,538,11763,4173,7285,555,12013,3474,8202,360,12036,4644,11136,344,16124
37,4777,9396,0,14173,3099,11035,0,14134,4721,9444,0,14165,5196,8974,0,14170,3288,10897,0,14185,3343,10731,236,14310,3824,10393,2,14219,5381,13018,360,18759,5376,12739,444,18559,9920,4633,214,14767,8662,3691,31,12384,10085,4190,226,14501,8521,5692,258,14471,9059,5111,329,14499,9861,4360,333,14554,11380,4706,1293,17379,12740,3896,598,17234,7010,5792,0,12802,9684,2693,240,12617,7279,5032,316,12627,8619,3757,0,12376,7804,4316,533,12653,9114,3317,558,12989,8866,3607,468,12941,10357,6494,297,17148
38,5638,6622,2,12262,4218,7969,2,12189,5603,6593,2,12198,5793,6437,2,12232,4224,8036,0,12260,4320,7684,384,12388,4866,7451,1,12318,6668,9775,277,16720,6834,9154,640,16628,6746,6215,229,13190,9016,2858,14,11888,7115,5664,233,13012,5482,7291,245,13018,6069,6634,291,12994,6308,6415,323,13046,8555,6147,1130,15832,9501,5360,836,15697,4713,7692,0,12405,7405,4282,599,12286,4807,6869,721,12397,6254,5727,0,11981,5404,6126,753,12283,6746,5152,674,12572,6303,5559,694,12556,7162,8843,280,16285
39,5997,4434,0,10431,4845,5430,0,10275,6081,4306,2,10389,6138,4234,6,10378,4764,5614,2,10380,4847,5372,378,10597,5355,5209,9,10573,7764,7101,337,15202,7658,6766,585,15009,4965,6773,299,12037,8425,2272,44,10741,5129,6325,342,11796,3843,7614,328,11785,4530,6904,325,11759,4753,6501,375,11629,6239,6805,1068,14112,7381,5831,666,13878,3417,6306,4,9727,5011,4197,391,9599,3358,6026,268,9652,4497,4925,4,9426,3809,5326,501,9636,4625,4780,487,9892,4415,5021,441,9877,5567,8608,301,14476
40,6956,5738,4,12698,5376,7148,0,12524,7075,5607,2,12684,7219,5422,1,12642,5418,7258,2,12678,5560,6975,401,12936,6196,6708,12,12916,7963,8676,406,17045,7954,8344,607,16905,6052,6782,273,13107,8851,2670,99,11620,6244,6212,371,12827,4726,7786,318,12830,5510,6919,369,12798,5896,6455,373,12724,7266,6266,1200,14732,8552,5246,681,14479,3903,5912,2,9817,5865,3388,392,9645,3896,5569,307,9772,5221,4281,4,9506,4336,4884,517,9737,5508,4028,494,10030,5084,4450,470,10004,6368,7198,288,13854
41,8047,6886,0,14933,6323,8427,0,14750,8194,6679,0,14873,8259,6625,0,14884,6434,8438,0,14872,6772,7999,356,15127,7341,7778,9,15128,9251,9529,429,19209,8934,9626,457,19017,6984,6684,267,13935,8926,3072,102,12100,7131,6238,289,13658,5481,7826,327,13634,6496,6752,342,13590,6953,6255,346,13554,7362,6173,1209,14744,9159,4850,540,14549,4554,5117,6,9677,6621,2686,288,9595,4514,4833,265,9612,5918,3412,2,9332,5216,4000,402,9618,6229,3272,407,9908,5816,3821,307,9944,7030,5569,228,12827
42,7902,6700,1,14603,6216,8211,1,14428,7988,6569,7,14564,8108,6442,2,14552,6302,8293,0,14595,6630,7795,374,14799,7170,7594,8,14772,9051,9237,463,18751,8764,9286,500,18550,7021,7062,268,14351,9364,3094,121,12579,7191,6537,325,14053,5576,8120,353,14049,6562,7120,324,14006,6987,6593,363,13943,7500,6484,1406,15390,9329,5237,662,15228,4730,5443,3,10176,6703,3036,311,10050,4647,5191,295,10133,6051,3774,3,9828,5232,4373,497,10102,6324,3631,469,10424,5911,4133,377,10421,7458,6428,271,14157
43,8398,6297,5,14700,6502,7986,7,14495,8497,6106,7,14610,8540,6009,9,14558,6481,8170,9,14660,6945,7584,319,14848,7498,7343,18,14859,9585,8555,368,18508,9131,8825,383,18339,7354,7494,223,15071,10042,3100,109,13251,7551,6964,298,14813,5682,8785,308,14775,6701,7750,287,14738,7335,7006,323,14664,7756,7343,1256,16355,9838,5818,563,16219,5406,6500,0,11906,7716,3629,342,11687,5347,6139,324,11810,6991,4486,3,11480,6138,5153,525,11816,7480,4199,485,12164,6892,4907,379,12178,8477,6853,235,15565
44,8512,5618,2,14132,6837,7098,0,13935,8643,5457,0,14100,8662,5405,8,14075,6667,7453,0,14120,7159,6793,377,14329,7735,6587,2,14324,10432,8128,418,18978,10013,8349,460,18822,7034,8735,299,16068,11125,3022,100,14247,7411,8013,346,15770,5442,9890,368,15700,6629,8735,348,15712,7041,8144,404,15589,7758,8957,1414,18129,9994,7287,649,17930,5549,7805,0,13354,8144,4608,407,13159,5521,7454,330,13305,7396,5511,14,12921,6391,6316,569,13276,7793,5312,573,13678,7052,6181,445,13678,9044,8996,262,18302
45,6825,8051,1,14877,5058,9657,5,14720,7034,7809,5,14848,7147,7643,4,14794,5160,9670,0,14830,5411,9310,350,15071,6029,9058,8,15095,7340,10667,382,18389,7251,10538,450,18239,7657,5888,237,13782,8440,3411,104,11955,7747,5466,290,13503,6015,7173,307,13495,6984,6148,314,13446,7438,5649,341,13428,8549,5254,1138,14941,9898,4299,527,14724,4706,5024,3,9733,6701,2567,288,9556,4678,4716,213,9607,5954,3421,2,9377,5229,3895,490,9614,6243,3240,458,9941,6050,3540,355,9945,7125,5452,204,12781
46,7589,7115,2,14706,5834,8694,4,14532,7577,7095,2,14674,7769,6928,2,14699,5973,8736,4,14713,6322,8306,368,14996,6858,8027,12,14897,8630,9387,409,18426,8236,9599,430,18265,7013,6159,258,13430,8754,2944,107,11805,7295,5547,321,13163,5708,7106,274,13088,6446,6288,344,13078,6954,5726,346,13026,6882,5255,1118,13255,8555,3994,547,13096,4331,4343,0,8674,6112,2234,215,8561,4303,4109,217,8629,5469,2884,0,8353,4753,3449,386,8588,5828,2711,338,8877,5405,3189,277,8871,6551,4834,172,11557
47,5503,6872,0,12375,3740,8558,0,12298,5472,6824,0,12296,5790,6556,0,12346,3791,8582,0,12373,3868,8384,119,12371,4446,7971,0,12417,6309,10441,87,16837,6339,9961,372,16672,7550,5745,133,13428,9033,2954,3,11990,7887,5029,153,13069,5954,6928,144,13026,6546,6341,185,13072,7355,5531,211,13097,8728,5542,1018,15288,9885,4489,655,15029,4922,6657,0,11579,7997,3029,158,11184,5219,5856,167,11242,6724,4222,0,10946,5699,4958,471,11128,7237,3964,407,11608,6752,4377,460,11589,7819,7879,143,15841
48,6586,6658,0,13244,4948,8233,0,13181,6664,6568,0,13232,6749,6494,0,13243,4916,8373,0,13289,5206,7890,275,13371,5830,7514,0,13344,7961,10006,347,18314,7924,9654,642,18220,7061,7136,224,14421,9666,3249,15,12930,7385,6431,289,14105,5595,8209,271,14075,6652,7147,321,14120,7003,6691,358,14052,8637,6862,1536,17035,10065,5960,797,16822,4854,7402,0,12256,7691,4071,272,12034,4996,6762,314,12072,6624,5211,2,11837,5504,6017,562,12083,6940,5027,461,12428,6591,5347,457,12395,7733,8966,271,16970
49,5975,2406,6,8387,5259,3066,4,8329,5987,2404,4,8395,5984,2415,4,8403,5375,3038,4,8417,5694,2683,232,8609,5889,2703,7,8599,8709,4081,451,13241,8315,4253,415,12983,3571,8033,408,12012,8629,2225,49,10903,3746,7549,415,11710,3271,7971,409,11651,3943,7213,464,11620,3750,7283,548,11581,5087,8814,1810,15711,6927,7327,790,15044,2507,5063,11,7581,3603,3696,324,7623,2498,4746,414,7658,3611,3867,8,7486,2636,4501,538,7675,3411,4146,426,7983,2952,4731,363,8046,4693,8193,531,13417
50,8520,3760,0,12280,7279,4959,0,12238,8576,3701,0,12277,8528,3758,0,12286,7373,4950,0,12323,7846,4463,271,12580,8189,4322,4,12515,11366,5323,603,17292,10940,5705,496,17141,4698,9385,380,14463,10626,2472,40,13138,4991,8768,441,14200,3937,9771,410,14118,5273,8467,406,14146,4993,8589,494,14076,5076,9512,1801,16389,7282,7982,774,16038,3626,7038,0,10664,5713,4576,303,10592,3615,6689,367,10671,5762,4764,0,10526,4097,6035,534,10666,5182,5378,497,11057,4575,6118,378,11071,5918,9221,454,15593
51,6647,7642,0,14289,4719,9487,0,14206,6768,7522,0,14290,6756,7492,2,14250,4902,9363,2,14267,5133,8957,283,14373,5755,8673,4,14432,7522,10808,304,18634,7534,10414,492,18440,8093,6612,254,14959,9640,3541,35,13216,8484,5946,285,14715,6315,8114,260,14689,8110,6350,231,14691,8216,6096,300,14612,9330,6206,1472,17008,10807,5269,625,16701,5519,7120,0,12639,8669,3445,287,12401,5527,6687,230,12444,8251,4089,0,12340,6231,5614,502,12347,7575,4669,543,12787,7345,4932,482,12759,8590,8033,225,16848
52,4591,4041,0,8632,3336,5180,0,8516,4454,4132,0,8586,4530,4064,0,8594,3446,5118,0,8564,3582,4985,144,8711,3902,4843,0,8745,6586,6470,364,13420,6542,6171,555,13268,4928,5567,229,10724,7791,1681,3,9475,5277,5018,238,10533,4028,6235,222,10485,4576,5646,281,10503,4954,5125,375,10454,6255,6233,918,13406,7293,5313,642,13248,3939,6072,0,10011,5763,3735,360,9858,3994,5720,242,9956,5158,4516,0,9674,4550,4967,423,9940,5167,4612,428,10207,4999,4731,459,10189,6042,8054,227,14323
53,5906,6306,0,12212,4247,7935,0,12182,5780,6434,0,12214,6046,6141,0,12187,4437,7824,0,12261,4525,7549,190,12264,4969,7279,0,12248,7132,9400,168,16700,7213,8914,469,16596,6837,6562,153,13552,9505,2617,6,12128,7087,6101,139,13327,5235,7892,137,13264,5984,7106,235,13325,6684,6362,285,13331,8434,6812,987,16233,9455,5956,683,16094,4597,7344,2,11943,7259,4084,403,11746,4639,6929,221,11789,6128,5400,3,11531,5309,6039,475,11823,6171,5454,529,12154,6035,5646,472,12153,7188,9040,184,16412
54,5034,8072,0,13106,3023,10025,0,13048,4780,8278,0,13058,5124,7931,0,13055,3263,9836,1,13100,3436,9519,145,13100,3994,9252,1,13247,5855,11715,196,17766,5695,11478,410,17583,8940,5116,146,14202,9094,2853,8,11955,9345,4514,119,13978,7468,6315,124,13907,8226,5552,124,13902,8977,4726,190,13893,10616,5238,1089,16943,12117,4119,568,16804,6532,6492,0,13024,9763,2674,427,12864,6632,5897,256,12785,8674,3923,0,12597,7533,4774,606,12913,8857,3856,557,13270,8421,4339,456,13216,9706,7406,128,17240
55,5119,7230,0,12349,3307,9057,0,12364,5161,7192,0,12353,5262,7091,0,12353,3592,8831,0,12423,3761,8543,123,12427,4237,8251,0,12488,6199,10783,163,17145,6238,10357,431,17026,8260,5460,115,13835,9167,2872,4,12043,8557,4829,117,13503,6703,6611,125,13439,7740,5594,107,13441,8348,4934,177,13459,9759,5693,1171,16623,11304,4534,551,16389,5896,6593,0,12489,9250,2737,205,12192,6088,5922,166,12176,8206,3850,0,12056,6719,4973,393,12085,8367,3842,358,12567,7687,4407,546,12640,8925,7856,145,16926
56,4174,7670,0,11844,2605,9255,0,11860,4174,7645,0,11819,4003,7773,0,11776,2859,9000,0,11859,2761,9060,83,11904,3260,8668,0,11928,4901,11857,125,16883,5165,11080,400,16645,8725,4255,123,13103,8357,2741,8,11106,8876,3788,106,12770,7146,5516,114,12776,8140,4456,148,12744,8584,4006,171,12761,10914,4534,865,16313,11813,3705,553,16071,6135,6007,0,12142,9185,2439,285,11909,6237,5410,170,11817,7985,3674,0,11659,7070,4278,423,11771,8817,3125,240,12182,7743,4010,382,12135,9377,7016,117,16510
57,5887,7742,0,13629,3970,9594,0,13564,5588,7949,0,13537,6258,7352,0,13610,4194,9469,0,13663,4417,9144,257,13818,5011,8743,0,13754,6948,11025,264,18237,6905,10776,384,18065,8117,5839,215,14171,8930,3187,18,12135,8413,5265,180,13858,6885,6693,219,13797,7064,6555,247,13866,7847,5704,286,13837,9612,6184,1153,16949,11235,5000,509,16744,5970,6416,0,12386,8550,3228,511,12289,5921,5729,569,12219,7454,4483,2,11939,6678,5164,509,12351,7960,4304,376,12640,7272,4970,394,12636,8516,8074,143,16733
58,5425,7264,0,12689,3481,9145,0,12626,5258,7322,0,12580,5514,7076,0,12590,3819,8786,0,12605,3713,8883,121,12717,4493,8317,0,12810,6278,10856,100,17234,6654,10084,443,17181,7797,5621,150,13568,9248,2755,5,12008,7922,5217,94,13233,6015,7111,158,13284,6664,6399,167,13230,7167,5850,233,13250,9777,6210,1104,17091,10970,5338,532,16840,5183,7428,0,12611,8594,3527,381,12502,4914,6756,823,12493,6968,5261,0,12229,6074,5969,356,12399,8168,4466,204,12838,6694,5671,502,12867,7657,9376,80,17113
59,6096,5567,1,11664,5269,6274,2,11545,6421,5250,0,11671,5841,5759,0,11600,5380,6323,0,11703,5390,6251,279,11920,5794,6031,0,11825,8357,8292,305,16954,8840,7386,552,16778,6403,6939,240,13582,9581,2459,25,12065,6309,6638,292,13239,4778,8257,291,13326,6047,6755,412,13214,5496,7270,449,13215,7816,7601,1130,16547,9184,6324,804,16312,4481,7404,1,11886,6756,4661,384,11801,4061,7474,332,11867,5953,5582,1,11536,5116,6093,553,11762,6920,4980,242,12142,4853,6936,422,12211,6598,10336,226,17160
60,5447,7979,0,13426,4161,9256,0,13417,5706,7776,0,13482,5013,8317,0,13330,4474,9048,0,13522,4369,9069,162,13600,4931,8676,0,13607,6793,11556,161,18510,7424,10553,357,18334,8647,5674,190,14511,9410,3217,32,12659,8677,5309,168,14154,6803,7169,191,14163,8168,5608,263,14039,7836,6052,253,14141,10301,6240,1048,17589,11618,5110,606,17334,6098,6702,0,12800,9034,3385,193,12612,5732,6581,167,12480,7708,4682,0,12390,6872,5191,391,12454,9064,3862,123,13049,6748,5933,301,12982,8560,9039,172,17771
61,6120,4206,0,10326,4862,5415,0,10277,5845,4501,0,10346,6201,4167,0,10368,4908,5404,0,10312,4979,5259,326,10564,5559,4957,0,10516,8500,6551,328,15379,8365,6404,465,15234,5038,6798,263,12099,8890,1873,19,10782,5197,6503,239,11939,4199,7386,267,11852,4324,7288,286,11898,4893,6661,347,11901,6203,7624,1030,14857,7481,6584,588,14653,3900,7071,0,10971,5988,4548,293,10829,4018,6472,437,10927,5022,5523,0,10545,4538,5922,480,10940,5628,5298,332,11258,4954,6002,370,11326,6092,9702,239,16033
62,5316,2698,0,8014,4502,3431,0,7933,5176,2851,0,8027,5427,2593,0,8020,4585,3389,0,7974,4602,3272,252,8126,5015,3117,0,8132,8456,4395,222,13073,8361,4177,466,13004,3131,6645,164,9940,7894,1319,1,9214,3128,6539,212,9879,2548,7035,207,9790,2627,6990,226,9843,3010,6594,221,9825,3983,8100,863,12946,5033,7179,554,12766,2306,6894,0,9200,3757,5133,248,9138,2335,6477,342,9154,3040,5924,0,8964,2606,6174,416,9196,3396,5688,277,9361,2926,6199,318,9443,3753,11098,157,15008
63,6762,7079,0,13841,4903,8922,5,13830,6741,7102,0,13843,7558,6398,0,13956,5179,8723,0,13902,5223,8642,112,13977,5993,7985,0,13978,7810,10302,160,18272,8017,9679,424,18120,7604,6562,295,14461,10460,2511,12,12983,7707,6336,146,14189,5815,8192,130,14137,6090,8068,88,14246,7093,6737,279,14109,8837,7299,1081,17217,10180,6194,621,16995,4848,7466,1,12315,7795,4041,260,12096,4583,7263,284,12130,6485,5328,2,11815,5692,6019,365,12076,7707,4678,192,12577,6107,6004,447,12558,7097,9631,166,16894
64,5382,7948,0,13330,3553,9718,0,13271,5177,8103,0,13280,5856,7470,0,13326,3857,9501,0,13358,3770,9497,147,13414,4553,8909,0,13462,6068,11203,139,17410,6195,10659,464,17318,8118,5266,591,13975,8963,2986,4,11953,8457,4922,198,13577,6573,6750,222,13545,6927,6452,162,13541,7897,5389,311,13597,9714,5794,1007,16515,10654,4990,650,16294,5323,6916,0,12239,8167,3470,427,12064,5192,6546,300,12038,7156,4561,0,11717,6238,5326,569,12133,8095,4180,250,12525,6783,5195,586,12564,7675,8564,139,16378
65,6215,7881,0,14096,4369,9480,0,13849,5880,8073,0,13953,6352,7633,0,13985,4653,9408,0,14061,4517,9553,269,14339,5396,8937,0,14333,7284,11306,254,18844,7360,10811,396,18567,8537,6020,268,14825,9456,2991,26,12473,8525,5531,245,14301,6657,7311,252,14220,6710,7217,263,14190,7801,6047,298,14146,9469,6298,977,16744,10725,5116,485,16326,5073,6705,0,11778,7207,3713,413,11333,4890,6229,391,11510,6216,4782,2,11000,5665,5352,496,11513,8132,3980,247,12359,6615,5351,429,12395,8064,8002,187,16253
66,5385,7538,0,12923,3728,9120,0,12848,5152,7707,0,12859,5574,7266,0,12840,4048,8892,0,12940,3975,8804,223,13002,4687,8326,1,13014,6548,11161,190,17899,6731,10412,544,17687,7864,5682,258,13804,9248,2565,6,11819,8127,5073,231,13431,6470,6677,207,13354,6571,6591,189,13351,7391,5617,412,13420,9481,6022,974,16477,10580,5032,608,16220,5131,6761,0,11892,7665,3635,390,11690,5036,6273,340,11649,6442,4819,2,11263,5941,5297,526,11764,7717,4254,292,12263,6506,5286,479,12271,7423,8993,165,16581
67,5556,8092,0,13648,3569,9983,0,13552,5291,8313,0,13604,5923,7667,0,13590,3901,9806,0,13707,3887,9610,189,13686,4563,9195,0,13758,6364,11371,206,17941,6494,10939,418,17851,8031,5574,275,13880,9345,2594,20,11959,8591,4884,205,13680,6372,6896,235,13503,6753,6593,186,13532,7748,5543,279,13570,9597,5881,1193,16671,11047,4766,686,16499,5418,6931,0,12349,8334,3372,433,12139,5052,6610,423,12085,6990,4815,0,11805,6335,5373,577,12285,7926,4345,264,12535,6912,5196,465,12573,7910,8862,129,16901
68,5376,6565,0,11941,3511,8399,0,11910,5088,6814,0,11902,5693,6236,0,11929,3767,8219,0,11986,3809,8020,149,11978,4470,7622,0,12092,6208,9900,160,16268,6368,9361,451,16180,7013,5615,239,12867,9059,2271,8,11338,7431,5046,177,12654,5551,6838,167,12556,5934,6504,172,12610,6881,5467,265,12613,8800,6051,1037,15888,10045,5093,658,15796,4694,7257,0,11951,7911,3542,340,11793,4682,6723,340,11745,6472,5121,0,11593,5649,5723,486,11858,7128,4702,266,12096,6172,5511,392,12075,7029,9173,143,16345
69,5232,5438,0,10670,4530,6017,0,10547,5151,5473,0,10624,5221,5394,0,10615,4745,5888,2,10635,4542,6039,122,10703,5010,5699,0,10709,7696,8139,375,16210,7777,7540,639,15956,5262,6271,181,11714,7822,2364,48,10234,5298,6043,229,11570,4701,6593,268,11562,4661,6611,359,11631,4948,6226,369,11543,6810,7269,1140,15219,7796,6437,771,15004,4162,6651,0,10813,5014,5146,650,10810,4046,6379,414,10839,4937,5728,0,10665,4394,5894,625,10913,6298,4545,361,11204,4679,5946,529,11154,5611,11070,306,16987
70,5218,7925,0,13143,4104,9011,0,13115,5198,7930,2,13130,5268,7814,0,13082,4493,8693,0,13186,4188,8787,329,13304,4908,8302,6,13216,6944,11112,325,18381,7040,10553,624,18217,7855,6083,228,14166,8559,3281,39,11879,8002,5495,317,13814,6803,6766,282,13851,6962,6601,291,13854,7535,5887,508,13930,9631,6220,1210,17061,10746,5439,653,16838,5987,6497,0,12484,8031,3986,417,12434,5684,6389,423,12496,7273,4943,0,12216,6560,5358,611,12529,8881,3914,318,13113,7183,5286,701,13170,8160,8987,257,17404
71,6332,4215,0,10547,5350,4984,0,10334,6055,4417,0,10472,6300,4157,0,10457,5466,5057,0,10523,5371,5003,348,10722,5909,4785,2,10696,8880,6572,374,15826,8662,6383,582,15627,5030,7329,440,12799,8920,2344,16,11280,5005,7051,383,12439,4239,7739,417,12395,4336,7603,394,12333,4672,7156,452,12280,5950,8004,1212,15166,7188,6925,680,14793,3637,6906,0,10543,4715,4970,465,10150,3593,6304,489,10386,4411,5614,0,10025,3880,5927,592,10399,5620,4988,321,10929,4286,6199,482,10967,5931,10218,383,16532
72,6655,5480,0,12135,5440,6410,0,11850,6398,5608,0,12006,6727,5319,0,12046,5623,6409,2,12034,5467,6527,383,12377,6197,6152,2,12351,8801,8161,420,17382,8714,7734,605,17053,6147,7189,399,13735,9332,2461,30,11823,5995,6798,410,13203,4937,7835,409,13181,4958,7806,419,13183,5520,7050,473,13043,7150,7935,1129,16214,8392,6766,652,15810,4092,7191,0,11283,5417,4908,478,10803,3997,6614,484,11095,4961,5714,3,10678,4369,6168,597,11134,6536,4937,368,11841,5003,6370,501,11874,6553,9699,267,16519
73,8263,6176,0,14439,6627,7606,0,14233,8028,6295,0,14323,8463,5913,0,14376,7064,7434,0,14498,7081,7029,446,14556,7583,6990,4,14577,9926,8481,461,18868,9516,8705,533,18754,7015,7690,360,15065,10103,3125,73,13301,7729,6770,412,14911,5795,8545,473,14813,6234,8119,443,14796,6899,7321,599,14819,7575,7653,1409,16637,9873,5923,678,16474,5304,6495,0,11799,7366,3859,383,11608,5015,6280,498,11793,6750,4696,1,11447,6074,5340,555,11969,7227,4587,371,12185,6360,5406,443,12209,7658,7886,312,15856
74,7945,4783,0,12728,6594,5965,0,12559,7684,4936,0,12620,7986,4661,0,12647,6967,5824,0,12791,6949,5515,401,12865,7395,5494,0,12889,10257,6935,492,17684,9954,7023,602,17579,5689,7923,452,14064,9802,2815,52,12669,6375,7078,460,13913,4748,8575,482,13805,5117,8202,469,13788,5661,7481,638,13780,6373,8293,1477,16143,8623,6546,767,15936,4530,7107,6,11643,6347,4668,442,11457,4341,6773,511,11625,5847,5416,6,11269,5211,5999,596,11806,6267,5350,408,12025,5421,6094,499,12014,6777,9360,394,16531
75,7691,5258,0,12949,6168,6689,0,12857,7356,5572,0,12928,7868,5109,0,12977,6275,6645,1,12921,6558,6258,421,13237,7129,6098,1,13228,9879,7492,427,17798,9531,7644,433,17608,6251,8608,451,15310,10816,2681,34,13531,6560,8050,438,15048,5436,9010,451,14897,5670,8805,487,14962,6291,8174,493,14958,7508,9009,1537,18054,9802,7297,660,17759,4833,7209,4,12046,7056,4455,315,11826,4885,6535,524,11944,6028,5496,2,11526,5445,5993,531,11969,6679,5338,439,12456,5927,6210,344,12481,7808,9739,393,17940
76,6438,7087,2,13527,4600,8852,0,13452,6073,7414,0,13487,6686,6866,0,13552,4766,8753,0,13519,4857,8584,343,13784,5640,8166,0,13806,7759,10104,327,18190,7652,9968,439,18059,7725,6350,266,14341,9468,2851,36,12355,7998,5870,245,14113,6500,7239,274,14013,6753,7002,270,14025,7579,6142,297,14018,9008,6528,1171,16707,10644,5355,595,16594,5322,6603,0,11925,7938,3550,303,11791,5405,6054,421,11880,6720,4754,0,11474,6124,5312,465,11901,7310,4513,365,12188,6698,5126,395,12219,7938,8178,215,16331
77,6155,3728,0,9883,5135,4601,0,9736,5962,3830,0,9792,6264,3586,0,9850,5449,4471,0,9920,5317,4269,404,9990,5780,4196,0,9976,8644,5894,388,14926,8546,5594,583,14723,4046,6766,414,11226,8070,2040,44,10154,4512,6132,434,11078,3366,7257,375,10998,3524,7096,387,11007,3994,6443,566,11003,5208,7187,1152,13547,6587,6055,710,13352,2828,5985,0,8813,4010,4310,345,8665,2623,5741,433,8797,3617,4906,0,8523,3182,5205,492,8879,3944,4761,345,9050,3371,5310,399,9080,4265,9183,268,13716
78,7762,3150,0,10912,6849,3921,0,10770,7604,3242,0,10846,7810,3089,0,10899,7016,3950,0,10966,7025,3578,406,11009,7398,3618,0,11016,10831,4933,439,16203,10560,4913,633,16106,4168,8795,426,13389,10043,2284,27,12354,4661,8126,521,13308,3428,9209,547,13184,3807,8865,490,13162,4068,8348,770,13186,4757,9438,1385,15580,6639,7897,844,15380,3381,7556,0,10937,4846,5506,421,10773,3194,7243,483,10920,4462,6139,3,10604,3927,6554,582,11063,4626,6213,423,11262,3967,6889,408,11264,5004,10824,377,16205
79,7562,4359,0,11921,6309,5424,0,11733,7354,4470,0,11824,7633,4228,2,11863,6691,5266,0,11957,6568,5036,475,12079,7011,5025,0,12036,9981,6464,505,16950,9822,6299,667,16788,5019,8234,458,13711,9887,2508,55,12450,5703,7353,488,13544,4119,8851,479,13449,4426,8548,484,13458,4978,7806,648,13432,6233,8608,1340,16181,8029,7062,856,15947,3941,7823,4,11768,5645,5435,457,11537,3694,7603,461,11758,5140,6228,11,11379,4654,6667,548,11869,5507,6188,404,12099,4799,6845,496,12140,5972,10655,340,16967
80,8170,5962,0,14132,6489,7416,0,13905,7893,6119,0,14012,8268,5801,0,14069,6981,7243,0,14224,6904,6922,474,14300,7431,6843,2,14276,10088,8287,496,18871,9704,8540,500,18744,7095,8039,391,15525,10518,3274,84,13876,7685,7178,493,15356,5840,8904,475,15219,6342,8441,464,15247,6952,7573,670,15195,7613,8485,1417,17515,9969,6681,704,17354,5749,7489,0,13238,7848,4664,403,12915,5452,7203,515,13170,7288,5411,14,12713,6530,6252,553,13335,7854,5396,380,13630,6932,6293,448,13673,8344,9447,336,18127
81,5376,4782,0,10158,4779,5305,0,10084,5219,4963,0,10182,5409,4713,0,10122,5012,5132,0,10144,4759,5231,340,10330,5301,4948,4,10253,8530,7085,451,16066,8444,6776,609,15829,5098,6385,329,11812,7863,2363,99,10325,4941,6338,371,11650,4389,6920,360,11669,4367,6844,408,11619,4841,6379,408,11628,6434,7571,1152,15157,7664,6522,713,14899,4156,5804,6,9966,5019,4535,425,9979,4030,5630,422,10082,4927,4872,0,9799,4447,5059,570,10076,5957,4116,358,10431,4705,5301,420,10426,6020,10002,327,16349
82,5227,7344,0,12571,4005,8477,0,12482,5134,7379,0,12513,5481,7036,0,12517,4294,8287,0,12581,4300,8093,240,12633,4915,7771,0,12686,7269,10068,208,17545,7212,9723,361,17296,7212,5764,173,13149,8250,2928,17,11195,7474,5268,201,12943,6109,6517,225,12851,6364,6275,206,12845,7079,5535,281,12895,8695,6185,1048,15928,9961,5067,606,15634,5402,6067,0,11469,7597,3426,325,11348,5130,5838,316,11284,6743,4363,0,11106,6078,4910,395,11383,7622,3967,255,11844,6574,4841,367,11782,7662,8408,140,16210
83,7635,7626,0,15261,5928,9206,0,15134,7502,7674,0,15176,7992,7259,0,15251,6511,8916,0,15427,6311,8697,387,15395,6894,8575,2,15471,9148,10165,362,19675,9053,10008,452,19513,7802,7691,310,15803,10457,3462,41,13960,8500,6821,355,15676,6420,8687,361,15468,6937,8209,386,15532,7683,7379,480,15542,8748,7680,1342,17770,10679,6262,558,17499,5616,7552,0,13168,7918,4612,334,12864,5278,7304,387,12969,7048,5643,5,12696,6339,6263,539,13141,7661,5466,291,13418,6926,6129,398,13453,8012,9332,178,17522
84,6022,8005,0,14027,4151,9725,2,13878,5767,8136,0,13903,6421,7506,0,13927,4536,9538,0,14074,4579,9184,305,14068,5226,8916,2,14144,6998,10938,295,18231,7012,10547,505,18064,8096,5969,299,14364,9328,3130,28,12486,8732,5145,299,14176,6671,7070,289,14030,7083,6705,264,14052,7889,5768,390,14047,9667,6127,1176,16970,11178,4903,554,16635,5431,6711,0,12142,8004,3564,316,11884,5110,6365,347,11822,7072,4618,0,11690,6248,5441,429,12118,7518,4480,344,12342,6887,5029,400,12316,8128,8514,188,16830
85,9766,4586,5,14357,8513,5681,4,14198,9476,4844,2,14322,9818,4532,3,14353,8728,5644,2,14374,9039,5119,397,14555,9476,5045,1,14522,12152,6150,392,18694,11636,6414,420,18470,4632,9611,269,14512,10744,2336,37,13117,5106,8803,369,14278,4143,9708,362,14213,4298,9506,403,14207,4784,8954,438,14176,5293,9703,1324,16320,7270,7980,669,15919,3617,7185,3,10805,4957,5141,421,10519,3436,6782,414,10632,4331,6035,8,10374,3897,6342,523,10762,4966,5817,365,11148,4238,6590,359,11187,5501,9451,232,15184
86,9556,2781,12,12349,8714,3509,7,12230,9389,2953,3,12345,9585,2756,9,12350,8832,3535,4,12371,9090,3146,302,12538,9433,3087,11,12531,12574,3940,372,16886,12069,4212,361,16642,3210,9874,237,13321,10496,1771,41,12308,3516,9266,309,13091,2903,9803,313,13019,3072,9581,374,13027,3297,9276,393,12966,3575,10035,1069,14679,5244,8507,583,14334,2792,7156,1,9949,3691,5667,411,9769,2655,6807,436,9898,3376,6273,9,9658,2956,6564,496,10016,3789,6168,344,10301,3163,6880,271,10314,4439,9877,328,14644
87,5172,6200,0,11372,4349,7035,0,11384,5190,6179,0,11369,5101,6250,0,11351,4553,6940,0,11493,4362,7075,114,11551,4703,6709,0,11412,6451,9400,205,16056,6884,8461,501,15846,6540,5714,166,12420,8475,2200,16,10691,6878,5152,184,12214,5671,6294,192,12157,6108,5791,198,12097,6232,5521,421,12174,8171,5705,1231,15107,8876,5212,684,14772,5061,6081,0,11142,6651,3994,454,11099,5007,5667,375,11049,6123,4739,0,10862,5643,4851,639,11133,6727,4347,399,11473,5912,5018,495,11425,7207,7967,383,15557
88,4004,7665,0,11669,2542,9119,0,11661,3878,7781,0,11659,4141,7518,0,11659,2735,9006,0,11741,2725,8996,94,11815,3102,8619,0,11721,4558,11744,199,16501,4768,11027,483,16278,8429,3915,111,12455,7642,2577,6,10225,8681,3406,104,12191,6947,5036,115,12098,7623,4315,154,12092,8264,3669,191,12124,10519,4144,807,15470,11189,3512,488,15189,5644,5458,0,11102,8337,2328,199,10864,5750,4802,239,10791,7329,3224,0,10553,6588,3826,463,10877,8066,2932,385,11383,7433,3440,433,11306,9018,6674,224,15916
89,9017,1812,3,10832,8456,2360,3,10819,8931,1953,3,10887,9072,1833,7,10912,8638,2287,0,10925,8780,2031,249,11060,9029,2016,0,11045,12706,3020,374,16100,12288,3168,360,15816,2349,10530,282,13161,10674,1531,34,12239,2645,9971,341,12957,2204,10323,335,12862,2357,10087,365,12809,2512,9879,429,12820,2959,11142,1233,15334,4344,9740,776,14860,1974,7214,11,9199,2612,6044,435,9091,1844,6893,444,9181,2371,6606,11,8988,2029,6744,546,9319,2658,6502,412,9572,2168,7134,336,9638,3808,11634,441,15883
90,11761,2330,4,14095,10933,3052,5,13990,11573,2520,2,14095,11764,2354,4,14122,11028,3091,2,14121,11356,2621,335,14312,11646,2648,3,14297,14111,3416,361,17888,13680,3643,330,17653,3115,12645,290,16050,13123,1723,25,14871,3497,11921,359,15777,2808,12509,406,15723,3074,12168,422,15664,3225,11964,436,15625,3833,13447,1312,18592,5490,11708,757,17955,2530,9148,6,11684,3438,7551,463,11452,2414,8760,445,11619,3101,8227,5,11333,2658,8514,624,11796,3534,8232,441,12207,2858,9023,350,12231,4957,13154,507,18618
91,7187,7709,0,14896,5374,9465,0,14839,6841,8065,0,14906,7520,7403,0,14923,5726,9246,0,14972,5891,8841,299,15031,6427,8599,2,15028,8520,10458,286,19264,8372,10199,461,19032,7831,6858,219,14908,9800,3026,35,12861,8288,6129,247,14664,6627,7651,272,14550,6960,7324,258,14542,7729,6505,372,14606,8872,6719,1132,16723,10548,5345,572,16465,5698,6566,2,12266,7928,3699,365,11992,5426,6222,324,11972,7050,4705,0,11755,6216,5416,561,12193,7702,4438,345,12485,6848,5218,423,12489,7922,8024,149,16095
92,5676,6435,0,12111,4263,7820,0,12083,5498,6559,0,12057,5891,6233,0,12124,4438,7781,0,12219,4747,7328,148,12223,5215,7007,0,12222,7224,8920,227,16371,7078,8703,479,16260,6669,5952,169,12790,8573,2468,14,11055,7176,5228,192,12596,5786,6494,213,12493,5904,6399,235,12538,6686,5585,249,12520,7889,6181,1053,15123,9331,4923,625,14879,5123,5998,0,11121,7124,3443,332,10899,4895,5626,335,10856,6271,4388,0,10659,5634,4939,503,11076,6813,4265,411,11489,6187,4884,443,11514,7204,7783,367,15354
93,6661,7842,1,14504,5737,8662,0,14399,6348,8219,0,14567,6642,7785,2,14429,5983,8530,2,14515,5839,8511,392,14742,6519,8138,6,14663,9128,9796,381,19305,8634,10073,435,19142,7756,6524,262,14542,8554,3622,104,12280,7697,6320,352,14369,6957,7083,350,14390,7025,6916,372,14313,7508,6383,392,14283,8605,7108,1228,16941,10369,5690,598,16657,6643,5299,0,11942,7689,3784,339,11812,6448,5106,404,11958,7532,4173,0,11705,7071,4411,475,11957,8697,3463,320,12480,7271,4847,342,12460,8894,7236,243,16373
94,6356,6938,0,13294,5453,7748,0,13201,6011,7297,0,13308,6285,6903,2,13190,5664,7608,4,13276,5456,7659,371,13486,6111,7295,4,13410,8969,9280,472,18721,8616,9251,584,18451,7264,6638,328,14230,8573,3356,88,12017,7221,6429,353,14003,6432,7241,377,14050,6408,7128,423,13959,6959,6561,441,13961,8325,7284,1335,16944,9900,6077,739,16716,6222,5956,0,12178,7394,4338,364,12096,6003,5837,446,12286,7139,4832,0,11971,6688,5011,557,12256,8430,3975,330,12735,6905,5412,400,12717,8670,8626,258,17554
95,4079,7719,0,11798,3076,8735,0,11811,4071,7737,0,11808,4278,7560,0,11838,3255,8623,0,11878,3069,8706,124,11899,3630,8247,0,11877,5591,11306,181,17078,5895,10447,539,16881,7412,5022,136,12570,7416,2842,18,10276,7642,4519,116,12277,6684,5494,119,12297,6683,5503,127,12313,7352,4722,210,12284,9890,5105,973,15968,10629,4452,559,15640,5717,5080,0,10797,7410,2983,294,10687,5518,4877,293,10688,6746,3847,0,10593,6319,3972,417,10708,7466,3419,200,11085,6626,4022,397,11045,8082,7766,155,16003
96,4273,5144,0,9417,3560,5796,0,9356,4135,5245,0,9380,4287,5096,2,9385,3721,5688,0,9409,3649,5595,270,9514,4074,5387,4,9465,6886,7771,409,15066,6860,7404,651,14915,5483,5169,265,10917,7046,2253,32,9331,5472,4977,298,10747,4853,5604,286,10743,4871,5617,296,10784,5345,5039,350,10734,7009,6177,1124,14310,8184,5149,731,14064,4419,4907,0,9326,5617,3231,464,9312,4295,4667,394,9356,5205,3929,0,9134,4787,4004,548,9339,5916,3369,403,9688,4941,4227,472,9640,5993,8373,297,14663
97,5817,3528,0,9345,5388,3880,0,9268,5689,3669,0,9358,5804,3470,0,9274,5515,3801,0,9316,5364,3805,157,9326,5775,3616,0,9391,9170,5164,294,14628,8982,5076,514,14572,4025,6974,174,11173,7933,2096,23,10052,3867,6919,273,11059,3528,7289,274,11091,3552,7164,317,11033,3773,6948,329,11050,5041,8366,1214,14621,6199,7430,715,14344,3480,6281,0,9761,4139,5152,269,9560,3339,6064,251,9654,4068,5553,0,9621,3600,5695,450,9745,4857,4840,266,9963,3806,5963,230,9999,5185,10612,217,16014
98,4586,4204,0,8790,4171,4552,0,8723,4501,4327,0,8828,4608,4119,0,8727,4336,4452,0,8788,4044,4579,185,8808,4534,4349,0,8883,7695,6511,251,14457,7688,6057,567,14312,4274,5862,160,10296,6875,2115,32,9022,4075,5869,199,10143,3701,6283,197,10181,3702,6203,210,10115,3975,5887,254,10116,5597,7191,1135,13923,6545,6297,727,13569,3519,5572,0,9091,4018,4532,393,8943,3266,5446,305,9017,3996,4926,2,8924,3558,5067,478,9103,4856,4185,247,9288,3824,5130,350,9304,4698,10044,185,14927
99,5341,5096,0,10437,4669,5652,0,10321,5321,5077,0,10398,5421,4970,0,10391,4806,5608,0,10414,4492,5809,297,10598,4995,5391,0,10386,7621,8015,435,16071,7960,7043,754,15757,5039,6827,194,12060,8131,2244,14,10389,5197,6385,241,11823,4557,6939,265,11761,4603,6966,236,11805,4864,6519,390,11773,7250,7018,1165,15433,7911,6531,660,15102,4083,6566,0,10649,4984,5115,466,10565,3960,6252,350,10562,4817,5597,0,10414,4405,5726,512,10643,5560,5134,298,10992,4695,5841,437,10973,6408,10348,315,17071
100,4468,6137,0,10605,4084,6459,0,10543,4536,6064,0,10600,4387,6188,0,10575,4067,6570,0,10637,3824,6649,120,10593,4246,6445,0,10691,6196,9099,406,15701,7053,7876,600,15529,5552,6051,176,11779,7637,2556,25,10218,5783,5646,219,11648,5235,6169,198,11602,5470,5880,274,11624,5479,5738,467,11684,8228,5910,1090,15228,7881,6065,983,14929,4161,5600,0,9761,4887,4254,556,9697,3984,5379,373,9736,4691,4885,0,9576,4263,4935,592,9790,5251,4388,408,10047,4571,4992,438,10001,7145,10054,341,17540